{
  "large_squelch": {
    "subtitle": "subtitles.large_squelch",
    "sounds": [
      {
        "name": "pcraftrevorn:largesquish1",
        "stream": false
      },
      {
        "name": "pcraftrevorn:largesquish2",
        "stream": false
      },
      {
        "name": "pcraftrevorn:largesquish3",
        "stream": false
      },
      {
        "name": "pcraftrevorn:largesquish4",
        "stream": false
      }
    ]
  },
  "slosh": {
    "subtitle": "subtitles.slosh",
    "sounds": [
      {
        "name": "pcraftrevorn:slosh",
        "stream": false
      }
    ]
  },
  "gurgle": {
    "subtitle": "subtitles.gurgle",
    "sounds": [
      {
        "name": "pcraftrevorn:gurgle1",
        "stream": false
      },
      {
        "name": "pcraftrevorn:gurgle2",
        "stream": false
      },
      {
        "name": "pcraftrevorn:gurgle3",
        "stream": false
      },
      {
        "name": "pcraftrevorn:gurgle4",
        "stream": false
      },
      {
        "name": "pcraftrevorn:gurgle5",
        "stream": false
      },
      {
        "name": "pcraftrevorn:gurgle6",
        "stream": false
      }
    ]
  },
  "large_gurgle": {
    "subtitle": "subtitles.large_gurgle",
    "sounds": [
      {
        "name": "pcraftrevorn:largegurgle1",
        "stream": false
      },
      {
        "name": "pcraftrevorn:largegurgle2",
        "stream": false
      },
      {
        "name": "pcraftrevorn:largegurgle3",
        "stream": false
      },
      {
        "name": "pcraftrevorn:largegurgle4",
        "stream": false
      },
      {
        "name": "pcraftrevorn:largegurgle5",
        "stream": false
      }
    ]
  },
  "burp": {
    "subtitle": "subtitles.burp",
    "sounds": [
      {
        "name": "pcraftrevorn:burp1",
        "stream": false
      },
      {
        "name": "pcraftrevorn:burp2",
        "stream": false
      },
      {
        "name": "pcraftrevorn:burp3",
        "stream": false
      },
      {
        "name": "pcraftrevorn:burp4",
        "stream": false
      },
      {
        "name": "pcraftrevorn:burp5",
        "stream": false
      },
      {
        "name": "pcraftrevorn:burp6",
        "stream": false
      },
      {
        "name": "pcraftrevorn:burp7",
        "stream": false
      },
      {
        "name": "pcraftrevorn:burp8",
        "stream": false
      },
      {
        "name": "pcraftrevorn:burp9",
        "stream": false
      },
      {
        "name": "pcraftrevorn:burp10",
        "stream": false
      },
      {
        "name": "pcraftrevorn:burp11",
        "stream": false
      },
      {
        "name": "pcraftrevorn:burp12",
        "stream": false
      },
      {
        "name": "pcraftrevorn:burp13",
        "stream": false
      },
      {
        "name": "pcraftrevorn:burp14",
        "stream": false
      },
      {
        "name": "pcraftrevorn:burp15",
        "stream": false
      }
    ]
  },
  "swallow": {
    "subtitle": "subtitles.swallow",
    "sounds": [
      {
        "name": "pcraftrevorn:swallow1",
        "stream": false
      },
      {
        "name": "pcraftrevorn:swallow2",
        "stream": false
      },
      {
        "name": "pcraftrevorn:swallow3",
        "stream": false
      },
      {
        "name": "pcraftrevorn:swallow4",
        "stream": false
      },
      {
        "name": "pcraftrevorn:swallow5",
        "stream": false
      }
    ]
  }
}