{
	"format_version": "1.8.0",
	"animations": {
		"animation.rabbit_staff.idle": {
			"loop": true,
			"animation_length": 29.7917,
			"bones": {
				"Eye": {
					"rotation": {
						"0.0": {
							"vector": [-3.5, 0, 0]
						},
						"1.4167": {
							"vector": [2.48169, 0.03973, -1.09938],
							"easing": "easeInOutQuad"
						},
						"2.7917": {
							"vector": [-3.5, 0, 0],
							"easing": "easeInOutQuad"
						},
						"3.2083": {
							"pre": {
								"vector": [-2.34, 0, 0]
							},
							"post": {
								"vector": [-2.34, 0, 0]
							},
							"lerp_mode": "catmullrom"
						},
						"3.4583": {
							"post": {
								"vector": [5.78, 0, 0]
							},
							"lerp_mode": "catmullrom"
						},
						"3.5833": {
							"post": {
								"vector": [0, 0, 0]
							},
							"lerp_mode": "catmullrom"
						},
						"3.7083": {
							"post": {
								"vector": [-24.24751, 29.55556, -1.04152]
							},
							"lerp_mode": "catmullrom"
						},
						"3.7917": {
							"post": {
								"vector": [-22.5, 27.5, 0]
							},
							"lerp_mode": "catmullrom"
						},
						"4.3333": {
							"post": {
								"vector": [-22.5, 27.5, 0]
							},
							"lerp_mode": "catmullrom"
						},
						"4.4167": {
							"post": {
								"vector": [-7.5111, -3.98715, 0.19624]
							},
							"lerp_mode": "catmullrom"
						},
						"4.5417": {
							"post": {
								"vector": [-27.44184, -35.43436, 1.68508]
							},
							"lerp_mode": "catmullrom"
						},
						"4.625": {
							"post": {
								"vector": [-25, -32.5, 0]
							},
							"lerp_mode": "catmullrom"
						},
						"5.0833": {
							"post": {
								"vector": [-25, -32.5, 0]
							},
							"lerp_mode": "catmullrom"
						},
						"5.2083": {
							"post": {
								"vector": [3.73604, -4.2272, -0.70089]
							},
							"lerp_mode": "catmullrom"
						},
						"5.3333": {
							"post": {
								"vector": [19.34949, 34.16741, 0.63592]
							},
							"lerp_mode": "catmullrom"
						},
						"5.4583": {
							"post": {
								"vector": [17.5, 32.5, 0]
							},
							"lerp_mode": "catmullrom"
						},
						"5.7917": {
							"post": {
								"vector": [17.5, 32.5, 0]
							},
							"lerp_mode": "catmullrom"
						},
						"5.9167": {
							"post": {
								"vector": [19.10625, -15.66786, -6.32823]
							},
							"lerp_mode": "catmullrom"
						},
						"6.125": {
							"post": {
								"vector": [17.91623, -29.8816, -0.86679]
							},
							"lerp_mode": "catmullrom"
						},
						"6.4583": {
							"post": {
								"vector": [17.91623, -29.8816, -0.86679]
							},
							"lerp_mode": "catmullrom"
						},
						"6.5417": {
							"post": {
								"vector": [16.28207, -6.93656, 1.116]
							},
							"lerp_mode": "catmullrom"
						},
						"6.6667": {
							"post": {
								"vector": [-5.34996, 1.01211, 0.13809]
							},
							"lerp_mode": "catmullrom"
						},
						"6.7917": {
							"post": {
								"vector": [0, 0, 0]
							},
							"lerp_mode": "catmullrom"
						},
						"14.3333": {
							"post": {
								"vector": [0, 0, 0]
							},
							"lerp_mode": "catmullrom"
						},
						"14.7083": {
							"post": {
								"vector": [0, 0, 0]
							},
							"lerp_mode": "catmullrom"
						},
						"15.0417": {
							"vector": [0, 0, 0],
							"easing": "easeInOutSine"
						},
						"15.2917": {
							"vector": [-188.64, 0, 0]
						},
						"15.4167": {
							"vector": [-180, 0, 0],
							"easing": "easeInOutSine"
						},
						"15.5833": {
							"vector": [-180, 0, 0]
						},
						"15.7083": {
							"vector": [-180, 5, 7.5]
						},
						"15.9167": {
							"vector": [-180, 5, 7.5]
						},
						"16.0417": {
							"vector": [-179.41139, -0.37868, -14.91024]
						},
						"16.1667": {
							"vector": [-179.4001, -0.36052, -16.66018]
						},
						"16.25": {
							"vector": [-179.41139, -0.37868, -14.91024]
						},
						"16.375": {
							"vector": [-181.91757, 4.61854, -15.07734]
						},
						"16.5833": {
							"vector": [-181.91757, 4.61854, -15.07734]
						},
						"16.7083": {
							"vector": [-179.75208, -0.65452, 21.59029]
						},
						"16.7917": {
							"vector": [-179.71164, -0.63729, 17.99011]
						},
						"16.9167": {
							"vector": [-179.70703, -0.63563, 17.59008]
						},
						"17.2083": {
							"vector": [-179.71, -0.64, 17.59]
						},
						"17.4167": {
							"vector": [-200.03171, -0.52016, 0.33958]
						},
						"17.5417": {
							"vector": [-161.91699, -0.39659, 0.2596]
						},
						"17.6667": {
							"vector": [-57.30226, -0.27301, 0.17961]
						},
						"17.7917": {
							"vector": [13.31247, -0.14943, 0.09962]
						},
						"18.1667": {
							"vector": [0, 0, 0],
							"easing": "easeInOutSine"
						}
					},
					"position": {
						"0.0": {
							"vector": [0, 0, 0]
						},
						"1.4167": {
							"vector": [0, 0.15, 0],
							"easing": "easeInOutQuad"
						},
						"2.7917": {
							"vector": [0, 0, 0],
							"easing": "easeInOutQuad"
						},
						"4.2083": {
							"vector": [0, 0.15, 0],
							"easing": "easeInOutQuad"
						},
						"5.5833": {
							"vector": [0, 0.15, 0],
							"easing": "easeInOutQuad"
						},
						"6.9583": {
							"vector": [0, 0, 0],
							"easing": "easeInOutQuad"
						},
						"8.375": {
							"vector": [0, 0.15, 0],
							"easing": "easeInOutQuad"
						},
						"9.75": {
							"vector": [0, 0, 0]
						},
						"11.1667": {
							"vector": [0, 0.15, 0],
							"easing": "easeInOutQuad"
						},
						"12.5417": {
							"vector": [0, 0, 0],
							"easing": "easeInOutQuad"
						},
						"13.9583": {
							"vector": [0, 0.15, 0],
							"easing": "easeInOutQuad"
						},
						"15.7083": {
							"vector": [0, 0.15, 0],
							"easing": "easeInOutQuad"
						},
						"17.0833": {
							"vector": [0, 0, 0],
							"easing": "easeInOutQuad"
						},
						"18.5": {
							"vector": [0, 0.15, 0],
							"easing": "easeInOutQuad"
						},
						"19.875": {
							"vector": [0, 0, 0]
						},
						"21.2917": {
							"vector": [0, 0.15, 0],
							"easing": "easeInOutQuad"
						},
						"22.6667": {
							"vector": [0, 0, 0],
							"easing": "easeInOutQuad"
						},
						"24.0833": {
							"vector": [0, 0.15, 0],
							"easing": "easeInOutQuad"
						},
						"25.625": {
							"vector": [0, 0.15, 0],
							"easing": "easeInOutQuad"
						},
						"27.0": {
							"vector": [0, 0, 0],
							"easing": "easeInOutQuad"
						},
						"28.4167": {
							"vector": [0, 0.15, 0],
							"easing": "easeInOutQuad"
						},
						"29.7917": {
							"vector": [0, -0.05, 0],
							"easing": "easeInOutQuad"
						}
					},
					"scale": {
						"3.3333": {
							"vector": [1, 1, 1]
						},
						"3.4583": {
							"vector": [1.05, 0.965, 1.0225]
						},
						"3.625": {
							"vector": [1, 1, 1]
						},
						"4.2083": {
							"vector": [1, 1, 1]
						},
						"4.3333": {
							"vector": [1, 1, 1]
						},
						"4.4167": {
							"vector": [1.05, 0.845, 1.0725]
						},
						"4.5": {
							"vector": [1, 1.0825, 1]
						},
						"4.5833": {
							"vector": [1, 1, 1]
						},
						"5.0833": {
							"vector": [1, 1, 1]
						},
						"5.1667": {
							"vector": [1.05, 0.845, 1.0725]
						},
						"5.25": {
							"vector": [1, 1.0825, 1]
						},
						"5.3333": {
							"vector": [1, 1, 1]
						},
						"5.7917": {
							"vector": [1, 1, 1]
						},
						"5.875": {
							"vector": [1.05, 0.845, 1.0725]
						},
						"5.9583": {
							"vector": [1, 1.0825, 1]
						},
						"6.0417": {
							"vector": [1, 1, 1]
						},
						"6.4583": {
							"vector": [1, 1, 1]
						},
						"6.5417": {
							"vector": [1.035, 0.8675, 1.125]
						},
						"6.625": {
							"vector": [0.9967, 0.9958, 1.0417]
						},
						"6.7083": {
							"vector": [1, 1, 1]
						},
						"15.0": {
							"vector": [1, 1, 1]
						},
						"15.1667": {
							"vector": [0.925, 1.1475, 1.0525]
						},
						"15.2917": {
							"vector": [1, 0.905, 1]
						},
						"15.4167": {
							"vector": [1, 1, 1]
						},
						"15.5": {
							"vector": [1, 1, 1]
						},
						"15.5833": {
							"vector": [1.2425, 0.16, 1]
						},
						"15.6667": {
							"vector": [1.0433, 1.015, 1]
						},
						"15.7083": {
							"vector": [1, 1, 1]
						},
						"15.8333": {
							"vector": [1, 1, 1]
						},
						"15.9167": {
							"vector": [1.2425, 0.16, 1]
						},
						"16.0": {
							"vector": [1.0433, 1.015, 1]
						},
						"16.0417": {
							"vector": [1, 1, 1]
						},
						"16.625": {
							"vector": [1, 1, 1]
						},
						"16.7083": {
							"vector": [1.2425, 0.16, 1]
						},
						"16.7917": {
							"vector": [1.0433, 1.015, 1]
						},
						"16.8333": {
							"vector": [1, 1, 1]
						},
						"17.5417": {
							"vector": [1, 1, 1]
						},
						"17.625": {
							"vector": [0.8775, 1.1825, 1]
						},
						"17.75": {
							"vector": [1, 1, 1]
						},
						"17.875": {
							"vector": [1.0325, 0.87, 1.1275]
						},
						"17.9583": {
							"vector": [1, 1, 1]
						}
					}
				}
			}
		}
	},
	"geckolib_format_version": 2
}