{
	"format_version": "1.8.0",
	"animations": {
		"animation.shielding_ring.idle": {
			"loop": true,
			"animation_length": 2,
			"bones": {
				"ring": {
					"rotation": {
						"0.0": {
							"vector": [0, 0, 0]
						},
						"0.25": {
							"vector": [180, 0, 0],
							"easing": "linear"
						},
						"0.5": {
							"vector": [360, 0, 0],
							"easing": "linear"
						},
						"0.75": {
							"vector": [540, 0, 0]
						},
						"1.0": {
							"vector": [720, 0, 0]
						},
						"1.25": {
							"vector": [900, 0, 0]
						},
						"1.5": {
							"vector": [1080, 0, 0]
						},
						"1.75": {
							"vector": [1260, 0, 0]
						},
						"2.0": {
							"vector": [1440, 0, 0]
						}
					}
				},
				"center": {
					"rotation": {
						"0.0": {
							"vector": [0, 0, 0]
						},
						"0.5": {
							"vector": [0, -90, 0]
						},
						"1.0": {
							"vector": [0, -180, 0]
						},
						"1.5": {
							"vector": [0, -270, 0]
						},
						"2.0": {
							"vector": [0, -360, 0]
						}
					}
				},
				"ring2": {
					"rotation": {
						"0.0": {
							"vector": [0, 0, 0]
						},
						"0.5": {
							"vector": [0, 90, 0]
						},
						"1.0": {
							"vector": [0, 180, 0]
						},
						"1.5": {
							"vector": [0, 270, 0]
						},
						"2.0": {
							"vector": [0, 360, 0]
						}
					}
				}
			}
		}
	},
	"geckolib_format_version": 2
}