{
  "credit": "Made with Blockbench",
  "texture_size": [
    128,
    128
  ],
  "elements": [
    {
      "from": [
        -7,
        0,
        0
      ],
      "to": [
        23,
        3,
        28
      ],
      "rotation": {
        "angle": 0,
        "axis": "y",
        "origin": [
          0,
          14,
          0
        ]
      },
      "faces": {
        "north": {
          "uv": [
            8,
            4.625,
            11.75,
            5
          ],
          "texture": "#4"
        },
        "east": {
          "uv": [
            8,
            6.625,
            11.5,
            7
          ],
          "texture": "#4"
        },
        "south": {
          "uv": [
            8,
            5,
            11.75,
            5.375
          ],
          "texture": "#4"
        },
        "west": {
          "uv": [
            9.75,
            7,
            13.25,
            7.375
          ],
          "texture": "#4"
        },
        "up": {
          "uv": [
            8,
            3.5,
            4.25,
            0
          ],
          "texture": "#4"
        },
        "down": {
          "uv": [
            8,
            3.5,
            4.25,
            7
          ],
          "texture": "#4"
        }
      }
    },
    {
      "from": [
        -9,
        11,
        0
      ],
      "to": [
        25,
        16,
        29
      ],
      "rotation": {
        "angle": 0,
        "axis": "y",
        "origin": [
          0,
          14,
          0
        ]
      },
      "faces": {
        "north": {
          "uv": [
            8,
            2.125,
            12.25,
            2.75
          ],
          "texture": "#4"
        },
        "east": {
          "uv": [
            8,
            3.375,
            11.625,
            4
          ],
          "texture": "#4"
        },
        "south": {
          "uv": [
            8,
            2.75,
            12.25,
            3.375
          ],
          "texture": "#4"
        },
        "west": {
          "uv": [
            8,
            4,
            11.625,
            4.625
          ],
          "texture": "#4"
        },
        "up": {
          "uv": [
            4.25,
            3.625,
            0,
            0
          ],
          "texture": "#4"
        },
        "down": {
          "uv": [
            4.25,
            3.625,
            0,
            7.25
          ],
          "texture": "#4"
        }
      }
    },
    {
      "from": [
        -1,
        6,
        5
      ],
      "to": [
        17,
        11,
        22
      ],
      "faces": {
        "north": {
          "uv": [
            8,
            5.375,
            10.25,
            6
          ],
          "texture": "#4"
        },
        "east": {
          "uv": [
            7.5,
            9.125,
            9.625,
            9.75
          ],
          "texture": "#4"
        },
        "south": {
          "uv": [
            8,
            6,
            10.25,
            6.625
          ],
          "texture": "#4"
        },
        "west": {
          "uv": [
            9.625,
            9.125,
            11.75,
            9.75
          ],
          "texture": "#4"
        },
        "up": {
          "uv": [
            9.75,
            9.125,
            7.5,
            7
          ],
          "texture": "#4"
        },
        "down": {
          "uv": [
            10.25,
            0,
            8,
            2.125
          ],
          "texture": "#4"
        }
      }
    },
    {
      "from": [
        -5,
        3,
        2
      ],
      "to": [
        21,
        6,
        26
      ],
      "rotation": {
        "angle": 0,
        "axis": "y",
        "origin": [
          0,
          14,
          0
        ]
      },
      "faces": {
        "north": {
          "uv": [
            9.75,
            7.375,
            13,
            7.75
          ],
          "texture": "#4"
        },
        "east": {
          "uv": [
            9.75,
            7.75,
            12.75,
            8.125
          ],
          "texture": "#4"
        },
        "south": {
          "uv": [
            7.5,
            9.75,
            10.75,
            10.125
          ],
          "texture": "#4"
        },
        "west": {
          "uv": [
            9.75,
            8.125,
            12.75,
            8.5
          ],
          "texture": "#4"
        },
        "up": {
          "uv": [
            7.5,
            10,
            4.25,
            7
          ],
          "texture": "#4"
        },
        "down": {
          "uv": [
            3.25,
            7.25,
            0,
            10.25
          ],
          "texture": "#4"
        }
      }
    },
    {
      "from": [
        1.42,
        14.14,
        0.01
      ],
      "to": [
        4.95,
        17.68,
        28.99
      ],
      "rotation": {
        "angle": 45,
        "axis": "z",
        "origin": [
          0,
          0,
          0
        ]
      },
      "faces": {
        "north": {
          "uv": [
            8.5,
            1.5,
            9.5,
            2.5
          ],
          "texture": "#1"
        },
        "east": {
          "uv": [
            0,
            4,
            7.25,
            5
          ],
          "texture": "#1"
        },
        "south": {
          "uv": [
            8.5,
            2.5,
            9.5,
            3.5
          ],
          "texture": "#1"
        },
        "west": {
          "uv": [
            0,
            5,
            7.25,
            6
          ],
          "texture": "#1"
        },
        "up": {
          "uv": [
            1,
            13.25,
            0,
            6
          ],
          "texture": "#1"
        },
        "down": {
          "uv": [
            2,
            6,
            1,
            13.25
          ],
          "texture": "#1"
        }
      }
    },
    {
      "from": [
        -11.4975,
        13.506,
        0
      ],
      "to": [
        -9.0025,
        16,
        29
      ],
      "faces": {
        "north": {
          "uv": [
            8.5,
            3.5,
            9,
            4
          ],
          "texture": "#1"
        },
        "east": {
          "uv": [
            4,
            8,
            11.25,
            8.5
          ],
          "texture": "#1"
        },
        "south": {
          "uv": [
            9,
            3.5,
            9.5,
            4
          ],
          "texture": "#1"
        },
        "west": {
          "uv": [
            8.5,
            0,
            15.75,
            0.5
          ],
          "texture": "#1"
        },
        "up": {
          "uv": [
            4.5,
            15.75,
            4,
            8.5
          ],
          "texture": "#1"
        },
        "down": {
          "uv": [
            5,
            8.5,
            4.5,
            15.75
          ],
          "texture": "#1"
        }
      }
    },
    {
      "from": [
        25.0025,
        13.506,
        0
      ],
      "to": [
        27.4975,
        16,
        29
      ],
      "rotation": {
        "angle": 0,
        "axis": "y",
        "origin": [
          16,
          0,
          0
        ]
      },
      "faces": {
        "north": {
          "uv": [
            9.25,
            6,
            9.75,
            6.5
          ],
          "texture": "#1"
        },
        "east": {
          "uv": [
            8.5,
            0.5,
            15.75,
            1
          ],
          "texture": "#1"
        },
        "south": {
          "uv": [
            9.25,
            6.5,
            9.75,
            7
          ],
          "texture": "#1"
        },
        "west": {
          "uv": [
            8.5,
            1,
            15.75,
            1.5
          ],
          "texture": "#1"
        },
        "up": {
          "uv": [
            5.5,
            15.75,
            5,
            8.5
          ],
          "texture": "#1"
        },
        "down": {
          "uv": [
            6,
            8.5,
            5.5,
            15.75
          ],
          "texture": "#1"
        }
      }
    },
    {
      "from": [
        11.05,
        14.14,
        0.01
      ],
      "to": [
        14.58,
        17.68,
        28.99
      ],
      "rotation": {
        "angle": -45,
        "axis": "z",
        "origin": [
          16,
          0,
          0
        ]
      },
      "faces": {
        "north": {
          "uv": [
            6,
            8.5,
            7,
            9.5
          ],
          "texture": "#1"
        },
        "east": {
          "uv": [
            2,
            6,
            9.25,
            7
          ],
          "texture": "#1"
        },
        "south": {
          "uv": [
            7,
            8.5,
            8,
            9.5
          ],
          "texture": "#1"
        },
        "west": {
          "uv": [
            2,
            7,
            9.25,
            8
          ],
          "texture": "#1"
        },
        "up": {
          "uv": [
            3,
            15.25,
            2,
            8
          ],
          "texture": "#1"
        },
        "down": {
          "uv": [
            4,
            8,
            3,
            15.25
          ],
          "texture": "#1"
        }
      }
    },
    {
      "from": [
        -9,
        28.28,
        9.19
      ],
      "to": [
        25,
        31.82,
        12.725
      ],
      "rotation": {
        "angle": 45,
        "axis": "x",
        "origin": [
          0,
          0,
          0
        ]
      },
      "faces": {
        "north": {
          "uv": [
            0,
            0,
            8.5,
            1
          ],
          "texture": "#1"
        },
        "east": {
          "uv": [
            8,
            8.5,
            9,
            9.5
          ],
          "texture": "#1"
        },
        "south": {
          "uv": [
            0,
            1,
            8.5,
            2
          ],
          "texture": "#1"
        },
        "west": {
          "uv": [
            9,
            8.5,
            10,
            9.5
          ],
          "texture": "#1"
        },
        "up": {
          "uv": [
            8.5,
            3,
            0,
            2
          ],
          "texture": "#1"
        },
        "down": {
          "uv": [
            8.5,
            3,
            0,
            4
          ],
          "texture": "#1"
        }
      }
    },
    {
      "from": [
        -9,
        13.505,
        29.001
      ],
      "to": [
        25,
        16,
        31.491
      ],
      "faces": {
        "north": {
          "uv": [
            7.25,
            4,
            15.75,
            4.5
          ],
          "texture": "#1"
        },
        "east": {
          "uv": [
            9.25,
            7,
            9.75,
            7.5
          ],
          "texture": "#1"
        },
        "south": {
          "uv": [
            7.25,
            4.5,
            15.75,
            5
          ],
          "texture": "#1"
        },
        "west": {
          "uv": [
            9.25,
            7.5,
            9.75,
            8
          ],
          "texture": "#1"
        },
        "up": {
          "uv": [
            15.75,
            5.5,
            7.25,
            5
          ],
          "texture": "#1"
        },
        "down": {
          "uv": [
            15.75,
            5.5,
            7.25,
            6
          ],
          "texture": "#1"
        }
      }
    },
    {
      "from": [
        -11.5,
        0,
        29
      ],
      "to": [
        -9,
        16,
        31.475
      ],
      "faces": {
        "north": {
          "uv": [
            0,
            0,
            2.5,
            16
          ],
          "texture": "#2"
        },
        "east": {
          "uv": [
            3,
            0,
            5.5,
            16
          ],
          "texture": "#2"
        },
        "south": {
          "uv": [
            6,
            0,
            8.5,
            16
          ],
          "texture": "#2"
        },
        "west": {
          "uv": [
            9,
            0,
            11.5,
            16
          ],
          "texture": "#2"
        },
        "up": {
          "uv": [
            14.5,
            2.5,
            12,
            0
          ],
          "texture": "#2"
        },
        "down": {
          "uv": [
            14.5,
            3,
            12,
            5.5
          ],
          "texture": "#2"
        }
      }
    },
    {
      "from": [
        25,
        0,
        29
      ],
      "to": [
        27.5,
        16,
        31.475
      ],
      "rotation": {
        "angle": 0,
        "axis": "y",
        "origin": [
          16,
          0,
          0
        ]
      },
      "faces": {
        "north": {
          "uv": [
            3,
            0,
            5.5,
            16
          ],
          "texture": "#2"
        },
        "east": {
          "uv": [
            6,
            0,
            8.5,
            16
          ],
          "texture": "#2"
        },
        "south": {
          "uv": [
            9,
            0,
            11.5,
            16
          ],
          "texture": "#2"
        },
        "west": {
          "uv": [
            0,
            0,
            2.5,
            16
          ],
          "texture": "#2"
        },
        "up": {
          "uv": [
            12,
            2.5,
            14.375,
            0
          ],
          "texture": "#2"
        },
        "down": {
          "uv": [
            14.5,
            3,
            12,
            5.5
          ],
          "texture": "#2"
        }
      }
    },
    {
      "from": [
        -16,
        0,
        -13
      ],
      "to": [
        -8,
        8,
        -5
      ],
      "rotation": {
        "angle": 45,
        "axis": "y",
        "origin": [
          0,
          0,
          0
        ]
      },
      "faces": {
        "north": {
          "uv": [
            0,
            0,
            4,
            4
          ],
          "texture": "#3"
        },
        "east": {
          "uv": [
            0,
            4,
            4,
            8
          ],
          "texture": "#3"
        },
        "south": {
          "uv": [
            4,
            0,
            8,
            4
          ],
          "texture": "#3"
        },
        "west": {
          "uv": [
            4,
            4,
            8,
            8
          ],
          "texture": "#3"
        },
        "up": {
          "uv": [
            4,
            12,
            0,
            8
          ],
          "texture": "#3"
        },
        "down": {
          "uv": [
            12,
            0,
            8,
            4
          ],
          "texture": "#3"
        }
      }
    },
    {
      "from": [
        24,
        0,
        -14
      ],
      "to": [
        32,
        8,
        -6
      ],
      "rotation": {
        "angle": -22.5,
        "axis": "y",
        "origin": [
          0,
          0,
          0
        ]
      },
      "faces": {
        "north": {
          "uv": [
            4,
            0,
            8,
            4
          ],
          "texture": "#3"
        },
        "east": {
          "uv": [
            4,
            4,
            8,
            8
          ],
          "texture": "#3"
        },
        "south": {
          "uv": [
            0,
            0,
            4,
            4
          ],
          "texture": "#3"
        },
        "west": {
          "uv": [
            0,
            4,
            4,
            8
          ],
          "texture": "#3"
        },
        "up": {
          "uv": [
            0,
            8,
            4,
            12
          ],
          "texture": "#3"
        },
        "down": {
          "uv": [
            8,
            0,
            12,
            4
          ],
          "texture": "#3"
        }
      }
    }
  ],
  "display": {
    "thirdperson_righthand": {
      "scale": [
        0.1,
        0.1,
        0.1
      ]
    },
    "thirdperson_lefthand": {
      "scale": [
        0.1,
        0.1,
        0.1
      ]
    },
    "firstperson_righthand": {
      "rotation": [
        -13,
        19,
        0
      ],
      "translation": [
        0,
        1.25,
        0
      ],
      "scale": [
        0.25,
        0.25,
        0.25
      ]
    },
    "firstperson_lefthand": {
      "rotation": [
        -13,
        19,
        0
      ],
      "translation": [
        0,
        1.25,
        0
      ],
      "scale": [
        0.25,
        0.25,
        0.25
      ]
    },
    "ground": {
      "scale": [
        0.15,
        0.15,
        0.15
      ]
    },
    "gui": {
      "rotation": [
        25,
        133,
        0
      ],
      "translation": [
        0,
        -2,
        -5
      ],
      "scale": [
        0.2,
        0.2,
        0.2
      ]
    },
    "fixed": {
      "translation": [
        0,
        -2,
        -5
      ],
      "scale": [
        0.25,
        0.25,
        0.25
      ]
    }
  },
  "groups": [
    {
      "name": "Base",
      "origin": [
        0,
        14,
        0
      ],
      "color": 0,
      "children": [
        0,
        1,
        2,
        3
      ]
    },
    {
      "name": "Corner Bends",
      "origin": [
        0,
        0,
        0
      ],
      "color": 0,
      "children": [
        4,
        5,
        6,
        7,
        8,
        9
      ]
    },
    {
      "name": "Supports",
      "origin": [
        16,
        0,
        0
      ],
      "color": 0,
      "children": [
        10,
        11
      ]
    },
    12,
    13
  ]
}