{
  "credit": "Made with Blockbench",
  "texture_size": [
    64,
    64
  ],
  "elements": [
    {
      "from": [
        -9,
        0,
        22
      ],
      "to": [
        25,
        31,
        32
      ],
      "rotation": {
        "angle": 0,
        "axis": "y",
        "origin": [
          0,
          -2,
          10
        ]
      },
      "faces": {
        "north": {
          "uv": [
            0,
            0,
            4.25,
            3.875
          ],
          "texture": "#1"
        },
        "east": {
          "uv": [
            6.75,
            2.5,
            8,
            6.375
          ],
          "texture": "#1"
        },
        "south": {
          "uv": [
            0,
            3.875,
            4.25,
            7.75
          ],
          "texture": "#1"
        },
        "west": {
          "uv": [
            6.75,
            6.375,
            8,
            10.25
          ],
          "texture": "#1"
        },
        "up": {
          "uv": [
            8.5,
            1.25,
            4.25,
            0
          ],
          "texture": "#1"
        },
        "down": {
          "uv": [
            8.5,
            1.25,
            4.25,
            2.5
          ],
          "texture": "#1"
        }
      }
    },
    {
      "from": [
        25,
        0,
        22
      ],
      "to": [
        32,
        32,
        32
      ],
      "faces": {
        "north": {
          "uv": [
            0,
            7.75,
            0.875,
            11.75
          ],
          "texture": "#1"
        },
        "east": {
          "uv": [
            4.25,
            2.5,
            5.5,
            6.5
          ],
          "texture": "#1"
        },
        "south": {
          "uv": [
            0.875,
            7.75,
            1.75,
            11.75
          ],
          "texture": "#1"
        },
        "west": {
          "uv": [
            5.5,
            2.5,
            6.75,
            6.5
          ],
          "texture": "#1"
        },
        "up": {
          "uv": [
            8.875,
            4.75,
            8,
            3.5
          ],
          "texture": "#1"
        },
        "down": {
          "uv": [
            8.875,
            4.75,
            8,
            6
          ],
          "texture": "#1"
        }
      }
    },
    {
      "from": [
        -16,
        0,
        22
      ],
      "to": [
        -9,
        32,
        32
      ],
      "rotation": {
        "angle": 0,
        "axis": "y",
        "origin": [
          16,
          0,
          0
        ]
      },
      "faces": {
        "north": {
          "uv": [
            1.75,
            7.75,
            2.625,
            11.75
          ],
          "texture": "#1"
        },
        "east": {
          "uv": [
            4.25,
            6.5,
            5.5,
            10.5
          ],
          "texture": "#1"
        },
        "south": {
          "uv": [
            2.625,
            7.75,
            3.5,
            11.75
          ],
          "texture": "#1"
        },
        "west": {
          "uv": [
            5.5,
            6.5,
            6.75,
            10.5
          ],
          "texture": "#1"
        },
        "up": {
          "uv": [
            8.875,
            7.25,
            8,
            6
          ],
          "texture": "#1"
        },
        "down": {
          "uv": [
            8.875,
            7.25,
            8,
            8.5
          ],
          "texture": "#1"
        }
      }
    },
    {
      "from": [
        -8,
        31,
        28
      ],
      "to": [
        24,
        32,
        32
      ],
      "faces": {
        "north": {
          "uv": [
            8.5,
            0,
            12.5,
            0.125
          ],
          "texture": "#1"
        },
        "east": {
          "uv": [
            3.5,
            7.75,
            4,
            7.875
          ],
          "texture": "#1"
        },
        "south": {
          "uv": [
            8.5,
            0.125,
            12.5,
            0.25
          ],
          "texture": "#1"
        },
        "west": {
          "uv": [
            3.5,
            7.875,
            4,
            8
          ],
          "texture": "#1"
        },
        "up": {
          "uv": [
            12,
            3,
            8,
            2.5
          ],
          "texture": "#1"
        },
        "down": {
          "uv": [
            12,
            3,
            8,
            3.5
          ],
          "texture": "#1"
        }
      }
    },
    {
      "from": [
        25,
        14,
        -16
      ],
      "to": [
        31.99,
        19,
        13.99
      ],
      "rotation": {
        "angle": 0,
        "axis": "y",
        "origin": [
          26.5,
          18,
          23
        ]
      },
      "faces": {
        "north": {
          "uv": [
            8.5,
            6.5,
            10.25,
            7.75
          ],
          "texture": "#3"
        },
        "east": {
          "uv": [
            3.5,
            0,
            11,
            1.25
          ],
          "texture": "#3"
        },
        "south": {
          "uv": [
            8.5,
            7.75,
            10.25,
            9
          ],
          "texture": "#3"
        },
        "west": {
          "uv": [
            3.5,
            1.25,
            11,
            2.5
          ],
          "texture": "#3"
        },
        "up": {
          "uv": [
            1.75,
            7.5,
            0,
            0
          ],
          "texture": "#3"
        },
        "down": {
          "uv": [
            3.5,
            0,
            1.75,
            7.5
          ],
          "texture": "#3"
        }
      }
    },
    {
      "from": [
        28,
        0,
        14
      ],
      "to": [
        32,
        14,
        22
      ],
      "faces": {
        "north": {
          "uv": [
            7.5,
            2.5,
            8.5,
            6
          ],
          "texture": "#3"
        },
        "east": {
          "uv": [
            3.5,
            2.5,
            5.5,
            6
          ],
          "texture": "#3"
        },
        "south": {
          "uv": [
            7.5,
            6,
            8.5,
            9.5
          ],
          "texture": "#3"
        },
        "west": {
          "uv": [
            5.5,
            2.5,
            7.5,
            6
          ],
          "texture": "#3"
        },
        "up": {
          "uv": [
            9.5,
            11,
            8.5,
            9
          ],
          "texture": "#3"
        },
        "down": {
          "uv": [
            4.5,
            9.25,
            3.5,
            11.25
          ],
          "texture": "#3"
        }
      }
    },
    {
      "from": [
        25,
        14,
        14
      ],
      "to": [
        32,
        27,
        22
      ],
      "faces": {
        "north": {
          "uv": [
            0,
            7.5,
            1.75,
            10.75
          ],
          "texture": "#3"
        },
        "east": {
          "uv": [
            3.5,
            6,
            5.5,
            9.25
          ],
          "texture": "#3"
        },
        "south": {
          "uv": [
            1.75,
            7.5,
            3.5,
            10.75
          ],
          "texture": "#3"
        },
        "west": {
          "uv": [
            5.5,
            6,
            7.5,
            9.25
          ],
          "texture": "#3"
        },
        "up": {
          "uv": [
            10.25,
            4.5,
            8.5,
            2.5
          ],
          "texture": "#3"
        },
        "down": {
          "uv": [
            10.25,
            4.5,
            8.5,
            6.5
          ],
          "texture": "#3"
        }
      }
    },
    {
      "from": [
        26,
        27,
        15
      ],
      "to": [
        31,
        30,
        21
      ],
      "rotation": {
        "angle": 0,
        "axis": "y",
        "origin": [
          16,
          0,
          0
        ]
      },
      "faces": {
        "north": {
          "uv": [
            9.5,
            9.75,
            10.75,
            10.5
          ],
          "texture": "#3"
        },
        "east": {
          "uv": [
            7,
            9.5,
            8.5,
            10.25
          ],
          "texture": "#3"
        },
        "south": {
          "uv": [
            10.25,
            2.5,
            11.5,
            3.25
          ],
          "texture": "#3"
        },
        "west": {
          "uv": [
            9.5,
            9,
            11,
            9.75
          ],
          "texture": "#3"
        },
        "up": {
          "uv": [
            5.75,
            10.75,
            4.5,
            9.25
          ],
          "texture": "#3"
        },
        "down": {
          "uv": [
            7,
            9.25,
            5.75,
            10.75
          ],
          "texture": "#3"
        }
      }
    },
    {
      "from": [
        -15.99,
        14,
        -16
      ],
      "to": [
        -9,
        19,
        13.99
      ],
      "rotation": {
        "angle": 0,
        "axis": "y",
        "origin": [
          -10.5,
          18,
          23
        ]
      },
      "faces": {
        "north": {
          "uv": [
            10.25,
            6.5,
            8.5025,
            7.75
          ],
          "texture": "#3"
        },
        "east": {
          "uv": [
            3.5025,
            0,
            11,
            1.25
          ],
          "texture": "#3"
        },
        "south": {
          "uv": [
            8.5025,
            7.75,
            10.25,
            9
          ],
          "texture": "#3"
        },
        "west": {
          "uv": [
            3.5025,
            1.25,
            11,
            2.5
          ],
          "texture": "#3"
        },
        "up": {
          "uv": [
            1.75,
            7.4975,
            3.4975,
            0
          ],
          "texture": "#3"
        },
        "down": {
          "uv": [
            0,
            0,
            1.7475,
            7.4975
          ],
          "texture": "#3"
        }
      }
    },
    {
      "from": [
        -16,
        0,
        14
      ],
      "to": [
        -12,
        14,
        22
      ],
      "rotation": {
        "angle": 0,
        "axis": "y",
        "origin": [
          16,
          0,
          0
        ]
      },
      "faces": {
        "north": {
          "uv": [
            7.5,
            2.5,
            8.5,
            6
          ],
          "texture": "#3"
        },
        "east": {
          "uv": [
            5.5,
            2.5,
            7.5,
            6
          ],
          "texture": "#3"
        },
        "south": {
          "uv": [
            7.25,
            16,
            8.25,
            20.75
          ],
          "texture": "#3"
        },
        "west": {
          "uv": [
            5.5,
            2.5,
            3.5,
            6
          ],
          "texture": "#3"
        },
        "up": {
          "uv": [
            7.25,
            5.75,
            6.25,
            3.75
          ],
          "texture": "#3"
        },
        "down": {
          "uv": [
            7,
            3.25,
            6,
            5.25
          ],
          "texture": "#3"
        }
      }
    },
    {
      "from": [
        -16,
        14,
        14
      ],
      "to": [
        -9,
        27,
        22
      ],
      "rotation": {
        "angle": 0,
        "axis": "y",
        "origin": [
          16,
          0,
          0
        ]
      },
      "faces": {
        "north": {
          "uv": [
            1.75,
            7.5,
            3.5,
            10.75
          ],
          "texture": "#3"
        },
        "east": {
          "uv": [
            3.5,
            6,
            5.5,
            9.25
          ],
          "texture": "#3"
        },
        "south": {
          "uv": [
            3.5,
            2.5,
            5.25,
            5.75
          ],
          "texture": "#3"
        },
        "west": {
          "uv": [
            5.5,
            6,
            7.5,
            9.25
          ],
          "texture": "#3"
        },
        "up": {
          "uv": [
            10.25,
            4.5,
            8.5,
            2.5
          ],
          "texture": "#3"
        },
        "down": {
          "uv": [
            7.25,
            3.5,
            5.5,
            5.5
          ],
          "texture": "#3"
        }
      }
    },
    {
      "from": [
        -15,
        27,
        15
      ],
      "to": [
        -10,
        30,
        21
      ],
      "faces": {
        "north": {
          "uv": [
            9.5,
            9.75,
            10.75,
            10.5
          ],
          "texture": "#3"
        },
        "east": {
          "uv": [
            7,
            9.5,
            8.5,
            10.25
          ],
          "texture": "#3"
        },
        "south": {
          "uv": [
            9.5,
            9,
            10.75,
            9.75
          ],
          "texture": "#3"
        },
        "west": {
          "uv": [
            9.5,
            9,
            11,
            9.75
          ],
          "texture": "#3"
        },
        "up": {
          "uv": [
            4.5,
            10.75,
            5.75,
            9.25
          ],
          "texture": "#3"
        },
        "down": {
          "uv": [
            7,
            9.25,
            5.75,
            10.75
          ],
          "texture": "#3"
        }
      }
    },
    {
      "from": [
        -7,
        0.01,
        21.5
      ],
      "to": [
        23,
        31.5,
        29.75
      ],
      "faces": {
        "north": {
          "uv": [
            0,
            0,
            7.5,
            8
          ],
          "texture": "#2"
        },
        "east": {
          "uv": [
            0,
            8,
            2,
            16
          ],
          "texture": "#2"
        },
        "south": {
          "uv": [
            7.5,
            0,
            15,
            8
          ],
          "texture": "#2"
        },
        "west": {
          "uv": [
            2,
            8,
            4,
            16
          ],
          "texture": "#2"
        },
        "up": {
          "uv": [
            11.5,
            10,
            4,
            8
          ],
          "texture": "#2"
        },
        "down": {
          "uv": [
            11.5,
            10,
            4,
            12
          ],
          "texture": "#2"
        }
      }
    }
  ],
  "display": {
    "thirdperson_righthand": {
      "scale": [
        0.1,
        0.1,
        0.1
      ]
    },
    "thirdperson_lefthand": {
      "scale": [
        0.1,
        0.1,
        0.1
      ]
    },
    "firstperson_righthand": {
      "rotation": [
        -13,
        19,
        0
      ],
      "translation": [
        0,
        1.25,
        0
      ],
      "scale": [
        0.25,
        0.25,
        0.25
      ]
    },
    "firstperson_lefthand": {
      "rotation": [
        -13,
        19,
        0
      ],
      "translation": [
        0,
        1.25,
        0
      ],
      "scale": [
        0.25,
        0.25,
        0.25
      ]
    },
    "ground": {
      "scale": [
        0.15,
        0.15,
        0.15
      ]
    },
    "gui": {
      "rotation": [
        25,
        133,
        0
      ],
      "translation": [
        0,
        -2,
        -5
      ],
      "scale": [
        0.2,
        0.2,
        0.2
      ]
    },
    "fixed": {
      "translation": [
        0,
        -2,
        -5
      ],
      "scale": [
        0.25,
        0.25,
        0.25
      ]
    }
  },
  "groups": [
    {
      "name": "Backing",
      "origin": [
        16,
        0,
        0
      ],
      "color": 0,
      "children": [
        0,
        1,
        2,
        3
      ]
    },
    {
      "name": "Right Arm",
      "origin": [
        26.5,
        18,
        23
      ],
      "color": 0,
      "children": [
        4,
        5,
        6,
        7
      ]
    },
    {
      "name": "Left Arm",
      "origin": [
        -15,
        13,
        -10
      ],
      "color": 0,
      "children": [
        8,
        9,
        10,
        11
      ]
    },
    {
      "name": "Cloth",
      "origin": [
        0,
        0,
        0
      ],
      "color": 0,
      "children": [
        12
      ]
    }
  ]
}