{
	"format_version": "1.12.0",
	"minecraft:geometry": [
		{
			"description": {
				"identifier": "geometry.piglin_royalty",
				"texture_width": 256,
				"texture_height": 256,
				"visible_bounds_width": 5,
				"visible_bounds_height": 6,
				"visible_bounds_offset": [0, 2, 0]
			},
			"bones": [
				{
					"name": "Head",
					"pivot": [0, 36.75, 0]
				},
				{
					"name": "Skull",
					"parent": "Head",
					"pivot": [0, 36.75, 0],
					"cubes": [
						{"origin": [-8.5, 31.25, -7.5], "size": [17, 22, 17], "inflate": 0.5, "uv": [0, 29]},
						{"origin": [-8, 38.75, -7], "size": [16, 14, 16], "uv": [52, 52]},
						{"origin": [-6, 38.25, -8.75], "size": [2, 6, 2], "pivot": [-5, 40.25, -7.75], "rotation": [62.5, 0, 0], "uv": [0, 0]},
						{"origin": [4, 38.25, -8.75], "size": [2, 6, 2], "pivot": [5, 40.25, -7.75], "rotation": [62.5, 0, 0], "uv": [6, 6]},
						{"origin": [-8, 36.75, 1], "size": [16, 2, 8], "uv": [100, 57]},
						{"origin": [-8, 36.75, -7], "size": [2, 2, 8], "uv": [90, 159]},
						{"origin": [6, 36.75, -7], "size": [2, 2, 8], "uv": [86, 83]},
						{"origin": [-4, 38.75, -10], "size": [8, 6, 3], "uv": [116, 20]},
						{"origin": [-3, 36.75, -10], "size": [6, 3, 0], "pivot": [0, 39.75, -10], "rotation": [-12.5, 0, 0], "uv": [0, 29]}
					]
				},
				{
					"name": "jaw",
					"parent": "Skull",
					"pivot": [0, 37.75, 0],
					"cubes": [
						{"origin": [-6, 36.75, -7], "size": [12, 2, 8], "uv": [68, 39]}
					]
				},
				{
					"name": "earLeft",
					"parent": "Skull",
					"pivot": [9.25, 48.5, 0],
					"rotation": [0, 0, -17.5],
					"cubes": [
						{"origin": [9.89793, 39.53469, -3], "size": [2, 10, 8], "pivot": [10.89793, 44.53469, 1], "rotation": [-180, 0, 155], "uv": [137, 158]}
					]
				},
				{
					"name": "earRight",
					"parent": "Skull",
					"pivot": [-9.25, 48.5, 0],
					"rotation": [0, 0, 17.5],
					"cubes": [
						{"origin": [-11.89793, 39.53469, -3], "size": [2, 10, 8], "pivot": [-10.89793, 44.53469, 1], "rotation": [-180, 0, -155], "uv": [155, 148]},
						{"origin": [-14.80776, 38.24089, 1], "size": [4, 4, 0], "pivot": [-12.80776, 40.24089, 1.5], "rotation": [0, 0, 25], "uv": [0, 32]}
					]
				},
				{
					"name": "Neck",
					"parent": "Head",
					"pivot": [0, 37, 0],
					"cubes": [
						{"origin": [-3, 32.75, -2], "size": [6, 6, 6], "uv": [66, 159]}
					]
				},
				{
					"name": "Body",
					"pivot": [0, 46, -10]
				},
				{
					"name": "UpperTorso",
					"parent": "Body",
					"pivot": [0, 0, 0],
					"cubes": [
						{"origin": [-8, 23.25, -3], "size": [16, 12, 8], "uv": [116, 0]}
					]
				},
				{
					"name": "femaleChest",
					"parent": "UpperTorso",
					"pivot": [4.5, 27.6, -7.7],
					"cubes": [
						{"origin": [-6, 22.75, -3.5], "size": [3, 13, 9], "uv": [232, 135]}
					]
				},
				{
					"name": "titLeft",
					"parent": "femaleChest",
					"pivot": [5, 28.1, -2.2],
					"rotation": [-10.50539, -3.68568, 6.96521],
					"cubes": [
						{"origin": [0.06428, 23.28195, -12.2188], "size": [10, 10, 10], "uv": [216, 176]},
						{"origin": [3.06428, 26.28195, -12.7188], "size": [4, 4, 1], "uv": [246, 181]},
						{"origin": [3.06428, 25.52971, -12.79932], "size": [4, 2, 0], "pivot": [5, 27.1, -13.7], "rotation": [-15, 0, 0], "uv": [164, 51]}
					]
				},
				{
					"name": "titRight",
					"parent": "femaleChest",
					"pivot": [-5, 28.1, -2.2],
					"rotation": [-10.50539, 3.68568, -6.96521],
					"cubes": [
						{"origin": [-10.06428, 23.28195, -12.2188], "size": [10, 10, 10], "uv": [216, 157], "mirror": true}
					]
				},
				{
					"name": "maleChest",
					"parent": "UpperTorso",
					"pivot": [4.5, 27.6, -7.7],
					"cubes": [
						{"origin": [-7.9, 25.35, -2.9], "size": [6.8, 7.8, 7.8], "inflate": -0.1, "pivot": [0, 33.25, -3], "rotation": [-35, 0, 0], "uv": [111, 156]},
						{"origin": [3.3, 26.75, -3.8], "size": [2.4, 2.4, 1], "inflate": -0.1, "pivot": [9, 32.45, -3.9], "rotation": [-35, 0, 0], "uv": [130, 156]},
						{"origin": [-5.7, 26.75, -3.8], "size": [2.4, 2.4, 1], "inflate": -0.1, "pivot": [0, 32.45, -3.9], "rotation": [-35, 0, 0], "uv": [130, 156]},
						{"origin": [1.1, 25.35, -2.9], "size": [6.8, 7.8, 7.8], "inflate": -0.1, "pivot": [0, 33.25, -3], "rotation": [-35, 0, 0], "uv": [154, 35]},
						{"origin": [-1.9, 25.35, -2.65], "size": [3.8, 7.8, 7.8], "inflate": -0.1, "pivot": [-3, 33.25, -2.75], "rotation": [-35, 0, 0], "uv": [51, 32]},
						{"origin": [-6.75, 27.6, -8.7], "size": [4.5, 0, 2], "pivot": [-4.5, 27.6, -6.7], "rotation": [27.5, 0, 0], "uv": [162, 49]},
						{"origin": [2.25, 27.6, -8.7], "size": [4.5, 0, 2], "pivot": [4.5, 27.6, -6.7], "rotation": [27.5, 0, 0], "uv": [162, 49], "mirror": true}
					]
				},
				{
					"name": "Stomach",
					"parent": "Body",
					"pivot": [0, 36, 0]
				},
				{
					"name": "RegularStomach",
					"parent": "Stomach",
					"pivot": [0, 34, 0],
					"cubes": [
						{"origin": [-7, 19.25, -3], "size": [14, 4, 8], "uv": [151, 131]}
					]
				},
				{
					"name": "VoreStomach",
					"parent": "Stomach",
					"pivot": [0, 34, 0.5]
				},
				{
					"name": "UpperStomach",
					"parent": "VoreStomach",
					"pivot": [0, 35, -11.5],
					"rotation": [-7.5, 0, 0],
					"cubes": [
						{"origin": [-9, 17.07303, -16.68596], "size": [18, 10, 16], "uv": [188, 196]}
					]
				},
				{
					"name": "LowerStomach",
					"parent": "VoreStomach",
					"pivot": [0, 24.5, -14],
					"rotation": [5, 0, 0],
					"cubes": [
						{"origin": [-10, 5.44552, -23.12245], "size": [20, 14, 20], "uv": [176, 222]}
					]
				},
				{
					"name": "WGStomach",
					"parent": "Stomach",
					"pivot": [0, 32, 0.5]
				},
				{
					"name": "UpperStomach2",
					"parent": "WGStomach",
					"pivot": [0, 33, -11.5],
					"rotation": [-7.5, 0, 0],
					"cubes": [
						{"origin": [-8, 16.07303, -13.18596], "size": [16, 9, 13], "uv": [88, 98]},
						{"origin": [-7.5, 17.80194, -14.39871], "size": [15, 8, 12], "pivot": [-0.5, 33.58342, -9.84161], "rotation": [10, 0, 0], "uv": [0, 99]}
					]
				},
				{
					"name": "LowerStomach2",
					"parent": "WGStomach",
					"pivot": [0, 22.5, -14],
					"rotation": [5, 0, 0],
					"cubes": [
						{"origin": [-9, 7.44552, -17.12245], "size": [18, 10, 14], "uv": [66, 15]}
					]
				},
				{
					"name": "Pelvis",
					"parent": "Body",
					"pivot": [0, 24.64776, 1.57827],
					"cubes": [
						{"origin": [-8, 17.25, -3], "size": [16, 2, 8], "uv": [66, 0]},
						{"origin": [-11, 9.25, -3.2], "size": [22, 8, 10], "uv": [100, 39]},
						{"origin": [-13, -0.15, -2.2], "size": [26, 15, 14], "pivot": [0, 8.35, 5.3], "rotation": [2.5, 0, 0], "uv": [0, 0]},
						{"origin": [-8, -0.35224, -12.42173], "size": [16, 9, 0], "uv": [164, 0]}
					]
				},
				{
					"name": "tarp",
					"parent": "Pelvis",
					"pivot": [0, 3.64776, -12.42173],
					"cubes": [
						{"origin": [-8, -3.35224, -12.42173], "size": [16, 9, 0], "uv": [164, 9]},
						{"origin": [-8, -3.35224, -12.42173], "size": [16, 9, 0], "uv": [196, 0]}
					]
				},
				{
					"name": "Butt",
					"parent": "Body",
					"pivot": [0, 46, -10]
				},
				{
					"name": "RightCheek",
					"parent": "Butt",
					"pivot": [-6, 26, 5]
				},
				{
					"name": "LeftCheek",
					"parent": "Butt",
					"pivot": [2, 26, 5]
				},
				{
					"name": "DickErect",
					"parent": "Body",
					"pivot": [0, 8, -3],
					"rotation": [20, 0, 0],
					"cubes": [
						{"origin": [-2.5, 4.12799, -9.17008], "size": [5, 5, 9], "uv": [0, 174]}
					]
				},
				{
					"name": "DickNormal3",
					"parent": "DickErect",
					"pivot": [0, 19.52631, -9.14576],
					"rotation": [-7.5, 0, 0],
					"cubes": [
						{"origin": [-2.5, 4.91714, -13.84677], "size": [5, 5, 9], "pivot": [-1.5, 17.27631, -10.14576], "rotation": [-10, 0, 0], "uv": [0, 188]},
						{"origin": [-3, 7.76746, -6.1463], "size": [6, 6, 1], "pivot": [0, 21.04069, -14.3477], "rotation": [-32.5, 0, 0], "uv": [0, 202]}
					]
				},
				{
					"name": "cum",
					"parent": "DickNormal3",
					"pivot": [0, 7.64462, -12.04723],
					"cubes": [
						{"origin": [-1, 7.101, -15.54818], "size": [2, 2, 2], "pivot": [0, 7.14462, -15.54723], "rotation": [-10, 0, 0], "uv": [0, 174]}
					]
				},
				{
					"name": "RightArm",
					"pivot": [-10, 42, 0],
					"rotation": [-83.70467, 20.05169, -0.57701],
					"cubes": [
						{"origin": [-16.6325, 31.66462, 7.22036], "size": [9, 12, 12], "uv": [121, 132]},
						{"origin": [-15.8825, 16.66462, 8.22036], "size": [8, 15, 10], "uv": [0, 149]}
					]
				},
				{
					"name": "LeftArm",
					"pivot": [10, 42, 0],
					"rotation": [-85.19289, -19.03616, 0.55179],
					"cubes": [
						{"origin": [7.63093, 32.20935, 7.3133], "size": [9, 12, 12], "uv": [91, 120]},
						{"origin": [7.88093, 17.20935, 8.3133], "size": [8, 15, 10], "uv": [140, 57]}
					]
				},
				{
					"name": "RightLeg",
					"pivot": [-3.8, 24, 0],
					"rotation": [-90, 30, 0]
				},
				{
					"name": "Thigh",
					"parent": "RightLeg",
					"pivot": [-7, 13.875, 16.75],
					"cubes": [
						{"origin": [-14, 12, 9], "size": [14, 14, 15], "uv": [43, 82]},
						{"origin": [-13, 2.22673, 10.62606], "size": [12, 9, 13], "pivot": [-6, 7.01795, 5.5], "rotation": [10, 0, 0], "uv": [41, 111]}
					]
				},
				{
					"name": "Knee",
					"parent": "Thigh",
					"pivot": [-7, 3, 19],
					"cubes": [
						{"origin": [-12.5, -9.10952, 10.91692], "size": [11, 9, 11], "pivot": [-6.5, 3, 6.5], "rotation": [37.5, 0, 0], "uv": [135, 111]}
					]
				},
				{
					"name": "Base",
					"parent": "Knee",
					"pivot": [-7, 3.73215, 27.50252],
					"cubes": [
						{"origin": [-12, -29.42146, 0.74118], "size": [10, 22, 8], "pivot": [-7, 1, 8], "rotation": [107.5, 0, 0], "uv": [36, 133]}
					]
				},
				{
					"name": "Foot",
					"parent": "Base",
					"pivot": [-7, 6.98392, 37.38682],
					"cubes": [
						{"origin": [-12.5, -11.01608, 15.88682], "size": [11, 3, 12], "pivot": [-6.5, 5.98392, 22.88682], "rotation": [90, 0, 0], "uv": [72, 144]}
					]
				},
				{
					"name": "LeftLeg",
					"pivot": [3.8, 24, 0],
					"rotation": [-90, -30, 0],
					"cubes": [
						{"origin": [0, 12, 9], "size": [14, 14, 15], "uv": [0, 68]},
						{"origin": [1, 2.22673, 10.62606], "size": [12, 9, 13], "pivot": [6, 7.01795, 5.5], "rotation": [10, 0, 0], "uv": [103, 69]},
						{"origin": [1.5, -9.10952, 10.91692], "size": [11, 9, 11], "pivot": [6.5, 3, 6.5], "rotation": [37.5, 0, 0], "uv": [133, 91]},
						{"origin": [2, -29.42146, 0.74118], "size": [10, 22, 8], "pivot": [7, 1, 8], "rotation": [107.5, 0, 0], "uv": [0, 119]},
						{"origin": [1.5, -11.01608, 15.88682], "size": [11, 3, 12], "pivot": [6.5, 5.98392, 22.88682], "rotation": [90, 0, 0], "uv": [130, 20]}
					]
				}
			]
		}
	]
}