{
	"format_version": "1.12.0",
	"minecraft:geometry": [
		{
			"description": {
				"identifier": "geometry.piglin_royal_knight",
				"texture_width": 128,
				"texture_height": 128,
				"visible_bounds_width": 3,
				"visible_bounds_height": 4.5,
				"visible_bounds_offset": [0, 1.75, 0]
			},
			"bones": [
				{
					"name": "Head",
					"pivot": [0, 24.75, 0]
				},
				{
					"name": "Skull",
					"parent": "Head",
					"pivot": [0, 24.75, 0],
					"cubes": [
						{"origin": [-5, 25.25, -4], "size": [10, 8, 8], "inflate": 0.5, "uv": [62, 0]},
						{"origin": [-5, 24.75, -4], "size": [10, 8, 8], "uv": [0, 0]},
						{"origin": [-2, 24.75, -5], "size": [4, 4, 1], "uv": [31, 1]},
						{"origin": [-3, 24.75, -5], "size": [1, 2, 1], "uv": [2, 0]},
						{"origin": [2, 24.75, -5], "size": [1, 2, 1], "uv": [2, 4]},
						{"origin": [-1, 32.25, 3.9], "size": [2, 2, 3], "pivot": [0, 33.25, 4.9], "rotation": [27.5, 0, 0], "uv": [60, 3]},
						{"origin": [-2.5, 28.75, 6], "size": [5, 7, 4], "uv": [98, 0]}
					]
				},
				{
					"name": "Neck",
					"parent": "Head",
					"pivot": [0, 24.75, 0],
					"cubes": [
						{"origin": [-1.5, 22.75, -1.5], "size": [3, 3, 3], "uv": [42, 0]}
					]
				},
				{
					"name": "Body",
					"pivot": [0, 23, -5]
				},
				{
					"name": "UpperTorso",
					"parent": "Body",
					"pivot": [0, 0, 0],
					"cubes": [
						{"origin": [-4, 18, -2], "size": [8, 6, 4], "uv": [16, 16]},
						{"origin": [-3.5, 16, -2], "size": [7, 2, 4], "uv": [0, 33]},
						{"origin": [-4, 13, -2], "size": [8, 3, 4], "uv": [16, 26]},
						{"origin": [-4, 15, -2.25], "size": [8, 1, 5], "uv": [0, 54]},
						{"origin": [-5.1, 11, -2.5], "size": [10.2, 4.1, 6], "uv": [40, 52]},
						{"origin": [-4, 18, -2], "size": [8, 6, 4], "uv": [58, 112]},
						{"origin": [-4, 19.5, -2], "size": [8, 4, 4], "inflate": -0.1, "pivot": [0, 23.5, -2], "rotation": [-12.5, 0, 0], "uv": [22, 50]},
						{"origin": [-4, 19.3, -2], "size": [8, 4, 4], "inflate": -0.1, "pivot": [0, 23.3, -2], "rotation": [-22.5, 0, 0], "uv": [22, 50]}
					]
				},
				{
					"name": "wg2",
					"parent": "UpperTorso",
					"pivot": [0, 15.5, 0.25],
					"cubes": [
						{"origin": [-4.5, 15, -2.25], "size": [9, 1, 5], "uv": [21, 60]}
					]
				},
				{
					"name": "ass2",
					"parent": "UpperTorso",
					"pivot": [0, 12.55, 0.8],
					"cubes": [
						{"origin": [-5.5, 10, -2.7], "size": [11, 5.1, 7], "uv": [92, 54]}
					]
				},
				{
					"name": "femaleChest1",
					"parent": "UpperTorso",
					"pivot": [0, 23.5, -2],
					"cubes": [
						{"origin": [-4, 21, -2.025], "size": [8, 3.025, 4.05], "uv": [76, 29]},
						{"origin": [-4, 19.5, -2], "size": [8, 4, 4], "inflate": -0.1, "pivot": [0, 23.5, -2], "rotation": [-32.5, 0, 0], "uv": [52, 29]}
					]
				},
				{
					"name": "femaleChest2",
					"parent": "UpperTorso",
					"pivot": [0, 23.5, -2],
					"cubes": [
						{"origin": [-4, 21, -2.025], "size": [8, 3.025, 4.05], "uv": [76, 29]},
						{"origin": [-4, 19.5, -2], "size": [8, 4, 4], "inflate": -0.1, "pivot": [0, 23.5, -2], "rotation": [-50, 0, 0], "uv": [45, 62]}
					]
				},
				{
					"name": "femaleChest3",
					"parent": "UpperTorso",
					"pivot": [0, 21.0075, -2.87618],
					"cubes": [
						{"origin": [-4, 21, -2.025], "size": [8, 3.025, 4.05], "uv": [76, 29]},
						{"origin": [-4.5, 19.25, -5.9], "size": [9, 4, 4], "inflate": -0.1, "pivot": [-0.5, 20.25, -1.9], "rotation": [-7.5, 0, 0], "uv": [0, 46]}
					]
				},
				{
					"name": "Stomach",
					"parent": "Body",
					"pivot": [0, 18, 0]
				},
				{
					"name": "RegularStomach",
					"parent": "Stomach",
					"pivot": [0, 17, 0]
				},
				{
					"name": "VoreStomach",
					"parent": "Stomach",
					"pivot": [0, 17.5, 0.25]
				},
				{
					"name": "UpperStomach",
					"parent": "VoreStomach",
					"pivot": [0, 18, -5.75],
					"rotation": [-7.5, 0, 0],
					"cubes": [
						{"origin": [-4.5, 15.29171, -9.6708], "size": [9, 5, 8], "uv": [54, 16]}
					]
				},
				{
					"name": "LowerStomach",
					"parent": "VoreStomach",
					"pivot": [0, 12.75, -7],
					"rotation": [5, 0, 0],
					"cubes": [
						{"origin": [-5, 9.61708, -11.5037], "size": [10, 7, 10], "uv": [88, 11]}
					]
				},
				{
					"name": "VoreStomachWG",
					"parent": "Stomach",
					"pivot": [0, 17.5, 0.25]
				},
				{
					"name": "UpperStomach4",
					"parent": "VoreStomachWG",
					"pivot": [0, 18, -5.75],
					"rotation": [-7.5, 0, 0],
					"cubes": [
						{"origin": [-4.5, 15.29171, -9.6708], "size": [9, 5, 8], "uv": [94, 98]}
					]
				},
				{
					"name": "LowerStomach4",
					"parent": "VoreStomachWG",
					"pivot": [0, 12.75, -7],
					"rotation": [5, 0, 0],
					"cubes": [
						{"origin": [-5, 9.61708, -11.5037], "size": [10, 7, 10], "uv": [88, 111]}
					]
				},
				{
					"name": "WGStomach",
					"parent": "Stomach",
					"pivot": [0, 16.5, 0.25]
				},
				{
					"name": "UpperStomach2",
					"parent": "WGStomach",
					"pivot": [0, 17, -5.75],
					"rotation": [-7.5, 0, 0],
					"cubes": [
						{"origin": [-3.5, 15.29171, -5.4208], "size": [7, 4, 4], "uv": [100, 28]}
					]
				},
				{
					"name": "LowerStomach2",
					"parent": "WGStomach",
					"pivot": [0, 11.75, -7],
					"rotation": [5, 0, 0],
					"cubes": [
						{"origin": [-4, 12.11708, -5.5037], "size": [8, 4, 4], "uv": [100, 36]}
					]
				},
				{
					"name": "WGStomach2",
					"parent": "Stomach",
					"pivot": [0, 16, 0.25]
				},
				{
					"name": "UpperStomach3",
					"parent": "WGStomach2",
					"pivot": [0, 16.5, -5.75],
					"rotation": [-7.5, 0, 0],
					"cubes": [
						{"origin": [-4, 14.79171, -8.2208], "size": [8, 5, 7], "uv": [52, 37]}
					]
				},
				{
					"name": "LowerStomach3",
					"parent": "WGStomach2",
					"pivot": [-0.5, 11.25, -7],
					"rotation": [5, 0, 0],
					"cubes": [
						{"origin": [-4.5, 10.61708, -9.0537], "size": [9, 5, 7.3], "uv": [75, 42]}
					]
				},
				{
					"name": "Pelvis",
					"parent": "Body",
					"pivot": [0, 0, 0]
				},
				{
					"name": "Butt",
					"parent": "Body",
					"pivot": [0, 23, -5]
				},
				{
					"name": "RightCheek",
					"parent": "Butt",
					"pivot": [-3, 13, 2.5]
				},
				{
					"name": "LeftCheek",
					"parent": "Butt",
					"pivot": [1, 13, 2.5]
				},
				{
					"name": "RightArm",
					"pivot": [-5, 22, 0],
					"cubes": [
						{"origin": [-7, 12, -2], "size": [3, 12, 4], "uv": [40, 16]}
					]
				},
				{
					"name": "Sword",
					"parent": "RightArm",
					"pivot": [-5, 14, 2.5],
					"rotation": [40, 0, -180],
					"cubes": [
						{"origin": [-3.99, 13, -12.5], "size": [0, 16, 16], "uv": [0, 96]},
						{"origin": [-5.01, 13, -12.5], "size": [0, 16, 16], "uv": [0, 96]},
						{"origin": [-5, 28, -10.5], "size": [1, 1, 1], "uv": [0, 110]},
						{"origin": [-5, 28, -11.5], "size": [1, 1, 1], "uv": [0, 110]},
						{"origin": [-5, 28, -12.5], "size": [1, 1, 1], "uv": [0, 110]},
						{"origin": [-5, 27, -9.5], "size": [1, 1, 1], "uv": [0, 110]},
						{"origin": [-5, 26, -8.5], "size": [1, 1, 1], "uv": [0, 110]},
						{"origin": [-5, 25, -7.5], "size": [1, 1, 1], "uv": [0, 110]},
						{"origin": [-5, 24, -6.5], "size": [1, 1, 1], "uv": [0, 110]},
						{"origin": [-5, 23, -5.5], "size": [1, 1, 1], "uv": [0, 110]},
						{"origin": [-5, 22, -4.5], "size": [1, 1, 1], "uv": [0, 110]},
						{"origin": [-5, 21, -3.5], "size": [1, 1, 1], "uv": [0, 110]},
						{"origin": [-5, 21, -1.5], "size": [1, 1, 1], "uv": [0, 110]},
						{"origin": [-5, 22, -0.5], "size": [1, 1, 1], "uv": [0, 110]},
						{"origin": [-5, 22, 0.5], "size": [1, 1, 1], "uv": [0, 110]},
						{"origin": [-5, 21, 0.5], "size": [1, 1, 1], "uv": [0, 110]},
						{"origin": [-5, 20, -0.5], "size": [1, 1, 1], "uv": [0, 110]},
						{"origin": [-5, 19, -0.5], "size": [1, 1, 1], "uv": [0, 110]},
						{"origin": [-5, 18, -1.5], "size": [1, 1, 1], "uv": [0, 110]},
						{"origin": [-5, 15, 1.5], "size": [1, 1, 1], "uv": [0, 110]},
						{"origin": [-5, 15, 2.5], "size": [1, 1, 1], "uv": [0, 110]},
						{"origin": [-5, 14, 2.5], "size": [1, 1, 1], "uv": [0, 110]},
						{"origin": [-5, 20, -2.5], "size": [1, 1, 1], "uv": [4, 110]},
						{"origin": [-5, 27, -12.5], "size": [1, 1, 1], "uv": [4, 110]},
						{"origin": [-5, 26, -12.5], "size": [1, 1, 1], "uv": [4, 110]},
						{"origin": [-5, 25, -11.5], "size": [1, 1, 1], "uv": [4, 110]},
						{"origin": [-5, 24, -10.5], "size": [1, 1, 1], "uv": [4, 110]},
						{"origin": [-5, 23, -9.5], "size": [1, 1, 1], "uv": [4, 110]},
						{"origin": [-5, 22, -8.5], "size": [1, 1, 1], "uv": [4, 110]},
						{"origin": [-5, 21, -7.5], "size": [1, 1, 1], "uv": [4, 110]},
						{"origin": [-5, 20, -6.5], "size": [1, 1, 1], "uv": [4, 110]},
						{"origin": [-5, 19, -5.5], "size": [1, 1, 1], "uv": [4, 110]},
						{"origin": [-5, 18, -4.5], "size": [1, 1, 1], "uv": [4, 110]},
						{"origin": [-5, 18, -4.5], "size": [1, 1, 1], "uv": [4, 110]},
						{"origin": [-5, 17, -5.5], "size": [1, 1, 1], "uv": [4, 110]},
						{"origin": [-5, 16, -6.5], "size": [1, 1, 1], "uv": [4, 110]},
						{"origin": [-5, 15, -6.5], "size": [1, 1, 1], "uv": [4, 110]},
						{"origin": [-5, 15, -5.5], "size": [1, 1, 1], "uv": [4, 110]},
						{"origin": [-5, 16, -4.5], "size": [1, 1, 1], "uv": [4, 110]},
						{"origin": [-5, 16, -3.5], "size": [1, 1, 1], "uv": [4, 110]},
						{"origin": [-5, 17, -2.5], "size": [1, 1, 1], "uv": [4, 110]},
						{"origin": [-5, 14, 0.5], "size": [1, 1, 1], "uv": [4, 110]},
						{"origin": [-5, 13, 0.5], "size": [1, 1, 1], "uv": [4, 110]},
						{"origin": [-5, 13, 1.5], "size": [1, 1, 1], "uv": [4, 110]},
						{"origin": [-5, 13, 2.5], "size": [1, 1, 1], "uv": [4, 110]},
						{"origin": [-5, 16, 0.5], "size": [1, 1, 1], "uv": [0, 108]},
						{"origin": [-5, 17, -0.5], "size": [1, 1, 1], "uv": [0, 108]},
						{"origin": [-5, 15, -0.5], "size": [1, 1, 1], "uv": [4, 108]},
						{"origin": [-5, 16, -1.5], "size": [1, 1, 1], "uv": [4, 108]}
					]
				},
				{
					"name": "LeftArm",
					"pivot": [5, 22, 0],
					"cubes": [
						{"origin": [4, 12, -2], "size": [3, 12, 4], "uv": [38, 32], "mirror": true}
					]
				},
				{
					"name": "RightLeg",
					"pivot": [-1.9, 12, 0],
					"cubes": [
						{"origin": [-4, 0, -2], "size": [4, 13, 4], "uv": [22, 33]},
						{"origin": [-4.75, 6, -2.5], "size": [5, 5, 5], "uv": [72, 54]},
						{"origin": [-5.05, 7, -2.6], "size": [5.3, 4, 6], "uv": [0, 60]}
					]
				},
				{
					"name": "LeftLeg",
					"pivot": [1.9, 12, 0],
					"cubes": [
						{"origin": [0, 0, -2], "size": [4, 13, 4], "uv": [0, 16], "mirror": true},
						{"origin": [-0.25, 6, -2.5], "size": [5, 5, 5], "uv": [72, 54], "mirror": true},
						{"origin": [-0.25, 7, -2.6], "size": [5.3, 4, 6], "uv": [0, 60], "mirror": true}
					]
				}
			]
		}
	]
}