{
	"format_version": "1.12.0",
	"minecraft:geometry": [
		{
			"description": {
				"identifier": "geometry.rabbit",
				"texture_width": 128,
				"texture_height": 128,
				"visible_bounds_width": 4,
				"visible_bounds_height": 4.5,
				"visible_bounds_offset": [0, 1.75, 0]
			},
			"bones": [
				{
					"name": "Root",
					"pivot": [0, 14, 0]
				},
				{
					"name": "Body",
					"parent": "Root",
					"pivot": [0, 14, 0]
				},
				{
					"name": "Head",
					"parent": "Body",
					"pivot": [0, 24, 0]
				},
				{
					"name": "Head_1",
					"parent": "Head",
					"pivot": [0, 24.75, 0]
				},
				{
					"name": "Skull_DONOTTOUCH",
					"parent": "Head_1",
					"pivot": [0, 24.75, 0],
					"cubes": [
						{"origin": [-4, 23.25, -4], "size": [8, 10, 8], "inflate": 0.5, "uv": [0, 59]},
						{"origin": [-4, 24.75, -4], "size": [8, 8, 8], "uv": [32, 64]}
					]
				},
				{
					"name": "bone",
					"parent": "Skull_DONOTTOUCH",
					"pivot": [-0.35, 33.1, 0],
					"rotation": [0, 0, -12.5]
				},
				{
					"name": "ear1",
					"parent": "Skull_DONOTTOUCH",
					"pivot": [-2.5, 32.7, -4],
					"cubes": [
						{"origin": [-4, 32.7, -5], "size": [3, 4, 1], "pivot": [-2.5, 32.7, -4], "rotation": [16.73634, 5.188, -16.73634], "uv": [104, 13]}
					]
				},
				{
					"name": "flap",
					"parent": "ear1",
					"pivot": [-3.6743, 35.9917, -5.9456],
					"cubes": [
						{"origin": [-5.17431, 35.11672, -6.04565], "size": [3, 4, 1], "pivot": [-3.67431, 35.99172, -5.94565], "rotation": [119.23634, 5.188, -16.73634], "uv": [104, 10]}
					]
				},
				{
					"name": "ear2",
					"parent": "Skull_DONOTTOUCH",
					"pivot": [2.5, 32.7, -4],
					"cubes": [
						{"origin": [1, 32.7, -5], "size": [3, 7, 1], "pivot": [2.5, 32.7, -4], "rotation": [16.73634, -5.188, 16.73634], "uv": [104, 10], "mirror": true}
					]
				},
				{
					"name": "Hat",
					"parent": "Head",
					"pivot": [-0.00822, 31.33815, 0],
					"cubes": [
						{"origin": [-7.9, 30.85, -8], "size": [16, 1, 16], "pivot": [0.1, 30.85, 0], "rotation": [0, 0, -12.5], "uv": [64, 111]}
					]
				},
				{
					"name": "Layer1",
					"parent": "Hat",
					"pivot": [-0.04541, 32.18192, 0],
					"rotation": [0, 0, -12.5],
					"cubes": [
						{"origin": [-5.14541, 31.68192, -5.1], "size": [10.2, 3, 10.2], "uv": [4, 105]}
					]
				},
				{
					"name": "Layer2",
					"parent": "Layer1",
					"pivot": [-0.04541, 35.18192, 0],
					"cubes": [
						{"origin": [-3.14541, 34.68192, -3.1], "size": [6.2, 3, 6.2], "uv": [0, 118]}
					]
				},
				{
					"name": "Layer3",
					"parent": "Layer2",
					"pivot": [-0.04541, 38.18192, 0],
					"cubes": [
						{"origin": [-2.14541, 37.68192, -2.1], "size": [7.2, 2, 4.2], "uv": [18, 118]}
					]
				},
				{
					"name": "Neck",
					"parent": "Head",
					"pivot": [0, 24.75, 0],
					"cubes": [
						{"origin": [-1.5, 22.75, -1.5], "size": [3, 3, 3], "uv": [0, 0]}
					]
				},
				{
					"name": "Pelvis",
					"parent": "Body",
					"pivot": [0, 12.35634, -0.997]
				},
				{
					"name": "Spine_0",
					"parent": "Pelvis",
					"pivot": [0, 17, 0],
					"cubes": [
						{"origin": [-3.5, 16, -2], "size": [7, 2, 4], "uv": [98, 81]}
					]
				},
				{
					"name": "Spine_1",
					"parent": "Spine_0",
					"pivot": [0, 21, 0],
					"cubes": [
						{"origin": [-4, 18, -2], "size": [8, 6, 4], "uv": [30, 80]}
					]
				},
				{
					"name": "Breasts",
					"parent": "Spine_1",
					"pivot": [0, 23.5, -2],
					"cubes": [
						{"origin": [-4, 19.5, -2], "size": [8, 4, 4], "inflate": -0.1, "pivot": [0, 23.5, -2], "rotation": [-17.5, 0, 0], "uv": [94, 73]}
					]
				},
				{
					"name": "Breasts_WG_1",
					"parent": "Breasts",
					"pivot": [0, 23.5, -2],
					"cubes": [
						{"origin": [-4, 19.5, -2], "size": [8, 4, 4], "inflate": -0.1, "pivot": [0, 23.5, -2], "rotation": [-32.5, 0, 0], "uv": [90, 64]}
					]
				},
				{
					"name": "Breasts_WG_2",
					"parent": "Breasts",
					"pivot": [-0.5, 20.25, -1.9],
					"cubes": [
						{"origin": [-4.5, 19.25, -5.8], "size": [9, 4, 4], "inflate": -0.1, "pivot": [-0.5, 20.25, -1.9], "rotation": [-7.5, 0, 0], "uv": [60, 77]}
					]
				},
				{
					"name": "WG_stomach",
					"parent": "Spine_1",
					"pivot": [0, 16.5, 0.25]
				},
				{
					"name": "UpperStomach2",
					"parent": "WG_stomach",
					"pivot": [0, 17, -1.75],
					"rotation": [-7.5, 0, 0],
					"cubes": [
						{"origin": [-3.525, 14.76961, -5.38658], "size": [7.05, 4, 4], "uv": [66, 98]}
					]
				},
				{
					"name": "LowerStomach2",
					"parent": "WG_stomach",
					"pivot": [0, 13.75, -1],
					"rotation": [5, 0, 0],
					"cubes": [
						{"origin": [-4, 12.64763, -5.65518], "size": [8, 4, 4], "uv": [94, 94]}
					]
				},
				{
					"name": "WG_Stomach_1",
					"parent": "Spine_1",
					"pivot": [0, 16, 0.25]
				},
				{
					"name": "UpperStomach3",
					"parent": "WG_Stomach_1",
					"pivot": [0, 16.5, -5.75],
					"rotation": [-7.5, 0, 0],
					"cubes": [
						{"origin": [-4, 14.79171, -8.2208], "size": [8, 5, 7], "uv": [0, 77]}
					]
				},
				{
					"name": "LowerStomach3",
					"parent": "WG_Stomach_1",
					"pivot": [-0.5, 11.25, -7],
					"rotation": [5, 0, 0],
					"cubes": [
						{"origin": [-4.5, 10.61708, -9.0537], "size": [9, 5, 7.3], "uv": [72, 5]}
					]
				},
				{
					"name": "Hips",
					"parent": "Pelvis",
					"pivot": [0, 14.5, 0],
					"cubes": [
						{"origin": [-4, 13, -2], "size": [8, 3, 4], "uv": [92, 29]},
						{"origin": [-4, 15, -2.25], "size": [8, 1.025, 5], "uv": [82, 23]}
					]
				},
				{
					"name": "Hips_WG_1",
					"parent": "Hips",
					"pivot": [0, 13.05, 0.5],
					"cubes": [
						{"origin": [-5.1, 11, -2.5], "size": [10.2, 4.1, 6], "uv": [66, 30]}
					]
				},
				{
					"name": "Hips_WG_2",
					"parent": "Hips",
					"pivot": [0, 12.55, 0.8],
					"cubes": [
						{"origin": [-5.5, 10, -2.7], "size": [11, 5.1, 7], "uv": [39, 0]}
					]
				},
				{
					"name": "Hips_WG_Fold",
					"parent": "Hips",
					"pivot": [0, 15.5, 0.25],
					"cubes": [
						{"origin": [-4.5, 15, -2.25], "size": [9, 1.025, 5], "uv": [72, 17]}
					]
				},
				{
					"name": "Butt",
					"parent": "Hips",
					"pivot": [0, 23, -5]
				},
				{
					"name": "RightCheek",
					"parent": "Butt",
					"pivot": [-3, 13, 2.5]
				},
				{
					"name": "LeftCheek",
					"parent": "Butt",
					"pivot": [1, 13, 2.5]
				},
				{
					"name": "Stomach",
					"parent": "Pelvis",
					"pivot": [0, 18, 0]
				},
				{
					"name": "RegularStomach",
					"parent": "Stomach",
					"pivot": [0, 17, 0]
				},
				{
					"name": "V_Gut_Small",
					"parent": "Stomach",
					"pivot": [0, 17.5, 0.25]
				},
				{
					"name": "UpperStomach",
					"parent": "V_Gut_Small",
					"pivot": [0, 17, -1.75],
					"rotation": [-7.5, 0, 0],
					"cubes": [
						{"origin": [-4.5, 14.76105, -9.76711], "size": [9, 5, 8], "uv": [69, 41]}
					]
				},
				{
					"name": "LowerStomach",
					"parent": "V_Gut_Small",
					"pivot": [0, 14.75, -2],
					"rotation": [5, 0, 0],
					"cubes": [
						{"origin": [-5, 10.06047, -11.65898], "size": [10, 7, 10], "uv": [42, 13]}
					]
				},
				{
					"name": "V_Gut_Large",
					"parent": "Stomach",
					"pivot": [0, 17.5, 0.25]
				},
				{
					"name": "UpperStomach5",
					"parent": "V_Gut_Large",
					"pivot": [0, 18, -5.75],
					"rotation": [-7.5, 0, 0],
					"cubes": [
						{"origin": [-5, 14.29171, -10.6708], "size": [10, 6, 9], "uv": [40, 49]}
					]
				},
				{
					"name": "LowerStomach5",
					"parent": "V_Gut_Large",
					"pivot": [0, 12.75, -7],
					"rotation": [5, 0, 0],
					"cubes": [
						{"origin": [-5.6, 7.61708, -12.5037], "size": [11.2, 8, 11], "uv": [0, 23]}
					]
				},
				{
					"name": "V_Gut_Multi",
					"parent": "Stomach",
					"pivot": [0, 17.5, 0.25]
				},
				{
					"name": "UpperStomach6",
					"parent": "V_Gut_Multi",
					"pivot": [0, 18, -5.75],
					"rotation": [-7.5, 0, 0],
					"cubes": [
						{"origin": [-5.5, 13.29171, -12.6708], "size": [11, 7, 11], "uv": [33, 31]}
					]
				},
				{
					"name": "LowerStomach6",
					"parent": "V_Gut_Multi",
					"pivot": [0, 12.75, -7],
					"rotation": [5, 0, 0],
					"cubes": [
						{"origin": [-6.6, 4.86708, -14.5037], "size": [13.2, 10, 13], "uv": [0, 0]}
					]
				},
				{
					"name": "V_Gut_WG",
					"parent": "Stomach",
					"pivot": [0, 17.5, 0.25]
				},
				{
					"name": "UpperStomach4",
					"parent": "V_Gut_WG",
					"pivot": [0, 18, -5.75],
					"rotation": [-7.5, 0, 0],
					"cubes": [
						{"origin": [-4.5, 15.29171, -9.6708], "size": [9, 5, 8], "uv": [64, 64]}
					]
				},
				{
					"name": "LowerStomach4",
					"parent": "V_Gut_WG",
					"pivot": [0, 12.75, -7],
					"rotation": [5, 0, 0],
					"cubes": [
						{"origin": [-5, 9.61708, -11.5037], "size": [10, 7, 10], "uv": [0, 42]}
					]
				},
				{
					"name": "R_Leg",
					"parent": "Root",
					"pivot": [-1.9, 12, 0],
					"cubes": [
						{"origin": [-4, 0, -2], "size": [4, 11, 4], "uv": [54, 87]},
						{"origin": [-4, 11, -2], "size": [4, 2, 4], "uv": [54, 102]}
					]
				},
				{
					"name": "Right_Leg_Top_WG",
					"parent": "R_Leg",
					"pivot": [-2, 11, 0],
					"cubes": [
						{"origin": [-4, 11, -2], "size": [4, 2, 4], "uv": [64, 110]}
					]
				},
				{
					"name": "R_Leg_WG_0",
					"parent": "R_Leg",
					"pivot": [-2.25, 8.5, 0],
					"cubes": [
						{"origin": [-4.85, 6, -2.5], "size": [5, 5, 5], "uv": [95, 36]}
					]
				},
				{
					"name": "R_Leg_WG_1",
					"parent": "R_Leg",
					"pivot": [-2.4, 9, 0.4],
					"cubes": [
						{"origin": [-5.05, 7, -2.6], "size": [5.3, 4, 6], "uv": [22, 90]}
					]
				},
				{
					"name": "L_Leg",
					"parent": "Root",
					"pivot": [1.9, 12, 0],
					"cubes": [
						{"origin": [0, 0, -2], "size": [4, 11, 4], "uv": [82, 83]},
						{"origin": [0, 11, -2], "size": [4, 2, 4], "uv": [84, 102]}
					]
				},
				{
					"name": "Left_Leg_Top_WG",
					"parent": "L_Leg",
					"pivot": [2, 11, 0],
					"cubes": [
						{"origin": [0, 11, -2], "size": [4, 2, 4], "uv": [64, 116]}
					]
				},
				{
					"name": "L_Leg_WG_0",
					"parent": "L_Leg",
					"pivot": [2.25, 8.49, -0.001],
					"cubes": [
						{"origin": [-0.15, 5.99, -2.501], "size": [5, 5, 5], "uv": [97, 0]}
					]
				},
				{
					"name": "L_Leg_WG_1",
					"parent": "L_Leg",
					"pivot": [2.4, 8.99, 0.398],
					"cubes": [
						{"origin": [-0.25, 6.99, -2.602], "size": [5.3, 4, 6], "uv": [0, 89]}
					]
				},
				{
					"name": "L_Arm",
					"parent": "Root",
					"pivot": [5, 22, 0],
					"cubes": [
						{"origin": [4, 12, -2], "size": [3, 12, 4], "uv": [40, 96]}
					]
				},
				{
					"name": "R_arm",
					"parent": "Root",
					"pivot": [-5, 22, 0]
				},
				{
					"name": "staff_Pivot",
					"parent": "R_arm",
					"pivot": [-5.5, 12.5, -0.5],
					"cubes": [
						{"origin": [-7, 12, -2], "size": [3, 12, 4], "uv": [0, 99]}
					]
				},
				{
					"name": "staff",
					"parent": "staff_Pivot",
					"pivot": [-5.5, 12.5, -0.5],
					"cubes": [
						{"origin": [-6.5, 12.5, 16], "size": [2, 23, 2], "pivot": [-5.5, 12.5, 17], "rotation": [90, 0, 0], "uv": [117, 0]}
					]
				},
				{
					"name": "eye",
					"parent": "staff",
					"pivot": [-5.5, 12.5, -9.5],
					"cubes": [
						{"origin": [-7, 11, -11], "size": [3, 3, 3], "pivot": [-6, 12.5, -9.5], "rotation": [90, 0, 0], "uv": [0, 6]}
					]
				},
				{
					"name": "spinning",
					"parent": "staff",
					"pivot": [-5.5, 12.5, -6],
					"cubes": [
						{"origin": [-9.5, 24, 5.5], "size": [1, 4, 2], "pivot": [-6, 11.5, 5.5], "rotation": [90, 0, 0], "uv": [111, 16]},
						{"origin": [-9.5, 22, 4.5], "size": [8, 1, 2], "pivot": [-6, 11.5, 4.5], "rotation": [90, 0, 0], "uv": [108, 25]},
						{"origin": [-2.5, 24, 5.5], "size": [1, 4, 2], "pivot": [-6, 11.5, 5.5], "rotation": [90, 0, 0], "uv": [111, 16]}
					]
				}
			]
		}
	]
}