{
	"format_version": "1.12.0",
	"minecraft:geometry": [
		{
			"description": {
				"identifier": "geometry.rabbit_staff",
				"texture_width": 32,
				"texture_height": 32,
				"visible_bounds_width": 2,
				"visible_bounds_height": 1.5,
				"visible_bounds_offset": [0, 0.25, 0]
			},
			"bones": [
				{
					"name": "Eye",
					"pivot": [0, 13.5, 0],
					"cubes": [
						{"origin": [-1.5, 12, -1.5], "size": [3, 3, 3], "uv": [14, 3]}
					]
				},
				{
					"name": "Staff",
					"pivot": [7, 11, 0],
					"cubes": [
						{"origin": [-1, -13, -1], "size": [2, 23, 2], "uv": [0, 0]},
						{"origin": [-4, 10, -1], "size": [8, 1, 2], "uv": [8, 0]},
						{"origin": [-4, 11, -1], "size": [1, 4, 2], "uv": [8, 3]},
						{"origin": [3, 11, -1], "size": [1, 4, 2], "uv": [8, 3]}
					]
				}
			]
		}
	]
}