{
	"format_version": "1.12.0",
	"minecraft:geometry": [
		{
			"description": {
				"identifier": "geometry.shielding_ring",
				"texture_width": 32,
				"texture_height": 32,
				"visible_bounds_width": 2,
				"visible_bounds_height": 1.5,
				"visible_bounds_offset": [0, 0.25, 0]
			},
			"bones": [
				{
					"name": "center",
					"pivot": [0, 5, 0],
					"cubes": [
						{"origin": [-1, 4, -1], "size": [2, 2, 2], "uv": [12, 6]}
					]
				},
				{
					"name": "ring2",
					"pivot": [0, 5, 0]
				},
				{
					"name": "ring",
					"parent": "ring2",
					"pivot": [0, 5, 0],
					"cubes": [
						{"origin": [-5, 0, -1], "size": [10, 1, 2], "uv": [0, 3]},
						{"origin": [-5, 9, -1], "size": [10, 1, 2], "uv": [0, 0]},
						{"origin": [-5, 1, -1], "size": [1, 8, 2], "uv": [0, 6]},
						{"origin": [4, 1, -1], "size": [1, 8, 2], "uv": [6, 6]}
					]
				}
			]
		}
	]
}