{
	"format_version": "1.12.0",
	"minecraft:geometry": [
		{
			"description": {
				"identifier": "geometry.silverfish",
				"texture_width": 128,
				"texture_height": 128,
				"visible_bounds_width": 3,
				"visible_bounds_height": 4.5,
				"visible_bounds_offset": [0, 1.75, 0]
			},
			"bones": [
				{
					"name": "Head",
					"pivot": [0, 22.75, 0]
				},
				{
					"name": "Skull",
					"parent": "Head",
					"pivot": [0, 22.75, 0],
					"cubes": [
						{"origin": [-4, 19.25, -4], "size": [8, 12, 8], "inflate": 0.5, "uv": [0, 95]},
						{"origin": [-4, 22.75, -4], "size": [8, 8, 8], "uv": [40, 49]}
					]
				},
				{
					"name": "flaps",
					"parent": "Skull",
					"pivot": [0, 30.75, -3],
					"cubes": [
						{"origin": [1, 30.75, -3], "size": [2, 5, 0], "pivot": [1, 30.75, -3], "rotation": [-45, 0, 0], "uv": [26, 59], "mirror": true},
						{"origin": [-3, 30.75, -3], "size": [2, 5, 0], "pivot": [-1, 30.75, -3], "rotation": [-45, 0, 0], "uv": [26, 59]},
						{"origin": [-3, 30.75, -3], "size": [2, 6, 0], "pivot": [-1, 30.75, -3], "rotation": [-45, 0, 0], "uv": [31, 59]},
						{"origin": [1, 30.75, -3], "size": [2, 6, 0], "pivot": [1, 30.75, -3], "rotation": [-45, 0, 0], "uv": [31, 59], "mirror": true}
					]
				},
				{
					"name": "flap1",
					"parent": "Skull",
					"pivot": [-4, 26.75, -1],
					"cubes": [
						{"origin": [-9, 23.75, -1], "size": [5, 7, 0], "pivot": [-4, 26.75, -1], "rotation": [0, 45, 0], "uv": [0, 6]},
						{"origin": [-10, 23.75, -1], "size": [6, 7, 0], "pivot": [-4, 26.75, -1], "rotation": [0, 45, 0], "uv": [0, 121]}
					]
				},
				{
					"name": "flap2",
					"parent": "Skull",
					"pivot": [4, 26.75, -1],
					"cubes": [
						{"origin": [4, 23.75, -1], "size": [5, 7, 0], "pivot": [4, 26.75, -1], "rotation": [0, -45, 0], "uv": [0, 6], "mirror": true},
						{"origin": [4, 23.75, -1], "size": [6, 7, 0], "pivot": [4, 26.75, -1], "rotation": [0, -45, 0], "uv": [0, 121], "mirror": true}
					]
				},
				{
					"name": "Neck",
					"parent": "Head",
					"pivot": [0, 22.75, 0],
					"cubes": [
						{"origin": [-1.5, 20.75, -1.5], "size": [3, 3, 3], "uv": [0, 0]}
					]
				},
				{
					"name": "Body",
					"pivot": [0, 22, -5]
				},
				{
					"name": "UpperTorso",
					"parent": "Body",
					"pivot": [0, -1, 0],
					"cubes": [
						{"origin": [-4, 17, -2], "size": [8, 5, 4], "uv": [72, 8]},
						{"origin": [-3.5, 15, -2], "size": [7, 2, 4], "uv": [85, 65]},
						{"origin": [-4, 12, -2], "size": [8, 3, 4], "uv": [83, 87]},
						{"origin": [-4, 14, -2.25], "size": [8, 1, 5], "uv": [72, 17]},
						{"origin": [-5.1, 10, -2.6], "size": [10.2, 4.1, 6], "uv": [59, 65]}
					]
				},
				{
					"name": "wg2",
					"parent": "UpperTorso",
					"pivot": [0, 14.5, 0.25],
					"cubes": [
						{"origin": [-4.5, 14, -2.25], "size": [9, 1, 5], "uv": [68, 0]}
					]
				},
				{
					"name": "ass2",
					"parent": "UpperTorso",
					"pivot": [0, 11.55, 0.8],
					"cubes": [
						{"origin": [-5.5, 9, -2.7], "size": [11, 5.1, 7], "uv": [39, 0]}
					]
				},
				{
					"name": "Tail2",
					"parent": "UpperTorso",
					"pivot": [0, 13, 1.5],
					"rotation": [-47.5, 0, 0],
					"cubes": [
						{"origin": [-3, 12, 1.5], "size": [6, 2, 7], "uv": [92, 0]},
						{"origin": [-2, 14, 1.5], "size": [0, 2, 7], "uv": [92, 2], "mirror": true},
						{"origin": [2, 14, 1.5], "size": [0, 2, 7], "uv": [92, 2]},
						{"origin": [2, 14, 1.5], "size": [0, 2, 7], "uv": [92, 2]}
					]
				},
				{
					"name": "Tail",
					"parent": "Tail2",
					"pivot": [0, 13, 8.2],
					"rotation": [15, 0, 0],
					"cubes": [
						{"origin": [-3, 12, 8.2], "size": [6, 2, 7], "uv": [102, 9]},
						{"origin": [1.999, 14, 8.2], "size": [0, 2, 7], "uv": [92, 2]},
						{"origin": [-1.999, 14, 8.2], "size": [0, 2, 7], "uv": [92, 2], "mirror": true},
						{"origin": [-3, 12.25, 13.95], "size": [1, 1, 4], "pivot": [-2.5, 12.75, 13.95], "rotation": [0, -45, 0], "uv": [111, 0]},
						{"origin": [2, 12.25, 13.95], "size": [1, 1, 4], "pivot": [2.5, 12.75, 13.95], "rotation": [0, 45, 0], "uv": [111, 0], "mirror": true},
						{"origin": [-0.5, 12.25, 14.95], "size": [1, 1, 4], "uv": [111, 0]}
					]
				},
				{
					"name": "Stomach",
					"parent": "Body",
					"pivot": [0, 17, 0]
				},
				{
					"name": "RegularStomach",
					"parent": "Stomach",
					"pivot": [0, 16, 0]
				},
				{
					"name": "VoreStomachLarger",
					"parent": "Stomach",
					"pivot": [0, 16.5, 0.25]
				},
				{
					"name": "UpperStomach5",
					"parent": "VoreStomachLarger",
					"pivot": [0, 17, -5.75],
					"rotation": [-7.5, 0, 0],
					"cubes": [
						{"origin": [-5, 13.29171, -10.6708], "size": [10, 6, 9], "uv": [43, 14]}
					]
				},
				{
					"name": "LowerStomach5",
					"parent": "VoreStomachLarger",
					"pivot": [0, 11.75, -7],
					"rotation": [5, 0, 0],
					"cubes": [
						{"origin": [-5.6, 6.61708, -12.5037], "size": [11.2, 8, 11], "uv": [0, 23]}
					]
				},
				{
					"name": "VoreStomachMultiprey",
					"parent": "Stomach",
					"pivot": [0, 16.5, 0.25]
				},
				{
					"name": "UpperStomach6",
					"parent": "VoreStomachMultiprey",
					"pivot": [0, 17, -5.75],
					"rotation": [-7.5, 0, 0],
					"cubes": [
						{"origin": [-5.5, 12.29171, -12.6708], "size": [11, 7, 11], "uv": [33, 31]}
					]
				},
				{
					"name": "LowerStomach6",
					"parent": "VoreStomachMultiprey",
					"pivot": [0, 11.75, -7],
					"rotation": [5, 0, 0],
					"cubes": [
						{"origin": [-6.6, 3.86708, -14.5037], "size": [13.2, 10, 13], "uv": [0, 0]}
					]
				},
				{
					"name": "VoreStomachWG",
					"parent": "Stomach",
					"pivot": [0, 16.5, 0.25]
				},
				{
					"name": "UpperStomach4",
					"parent": "VoreStomachWG",
					"pivot": [0, 17, -5.75],
					"rotation": [-7.5, 0, 0],
					"cubes": [
						{"origin": [-4.5, 14.29171, -9.6708], "size": [9, 5, 8], "uv": [0, 59]}
					]
				},
				{
					"name": "LowerStomach4",
					"parent": "VoreStomachWG",
					"pivot": [0, 11.75, -7],
					"rotation": [5, 0, 0],
					"cubes": [
						{"origin": [-5, 8.61708, -11.5037], "size": [10, 7, 10], "uv": [0, 42]}
					]
				},
				{
					"name": "WGStomach",
					"parent": "Stomach",
					"pivot": [0, 15.5, 0.25]
				},
				{
					"name": "UpperStomach2",
					"parent": "WGStomach",
					"pivot": [0, 16, -5.75],
					"rotation": [-7.5, 0, 0],
					"cubes": [
						{"origin": [-3.5, 14.29171, -5.4208], "size": [7, 4, 4], "uv": [90, 49]}
					]
				},
				{
					"name": "LowerStomach2",
					"parent": "WGStomach",
					"pivot": [0, 10.75, -7],
					"rotation": [5, 0, 0],
					"cubes": [
						{"origin": [-4, 11.11708, -5.5037], "size": [8, 4, 4], "uv": [87, 79]}
					]
				},
				{
					"name": "WGStomach2",
					"parent": "Stomach",
					"pivot": [0, 15, 0.25]
				},
				{
					"name": "UpperStomach3",
					"parent": "WGStomach2",
					"pivot": [0, 15.5, -5.75],
					"rotation": [-7.5, 0, 0],
					"cubes": [
						{"origin": [-4, 13.79171, -8.2208], "size": [8, 5, 7], "uv": [66, 29]}
					]
				},
				{
					"name": "LowerStomach3",
					"parent": "WGStomach2",
					"pivot": [-0.5, 10.25, -7],
					"rotation": [5, 0, 0],
					"cubes": [
						{"origin": [-4.5, 9.61708, -9.0537], "size": [9, 5, 7.3], "uv": [27, 65]}
					]
				},
				{
					"name": "Pelvis",
					"parent": "Body",
					"pivot": [0, -1, 0]
				},
				{
					"name": "Butt",
					"parent": "Body",
					"pivot": [0, 22, -5]
				},
				{
					"name": "RightCheek",
					"parent": "Butt",
					"pivot": [-3, 12, 2.5]
				},
				{
					"name": "LeftCheek",
					"parent": "Butt",
					"pivot": [1, 12, 2.5]
				},
				{
					"name": "RightArm",
					"pivot": [-5, 21, 0],
					"cubes": [
						{"origin": [-7, 11, -1.5], "size": [3, 11, 3], "uv": [61, 91]},
						{"origin": [-9, 18, 0], "size": [5, 6, 0], "uv": [104, 18]}
					]
				},
				{
					"name": "LeftArm",
					"pivot": [5, 21, 0],
					"cubes": [
						{"origin": [4, 18, 0], "size": [5, 6, 0], "uv": [104, 18], "mirror": true},
						{"origin": [4, 11, -1.5], "size": [3, 11, 3], "uv": [42, 77]}
					]
				},
				{
					"name": "RightLeg",
					"pivot": [-1.9, 12, 0],
					"cubes": [
						{"origin": [-4, 0, -2], "size": [4, 12, 4], "uv": [71, 75]},
						{"origin": [-4.75, 6, -2.5], "size": [5, 6, 5], "uv": [89, 23]},
						{"origin": [-5.05, 7, -2.6], "size": [5.3, 4, 6], "uv": [0, 82]}
					]
				},
				{
					"name": "LeftLeg",
					"pivot": [1.9, 12, 0],
					"cubes": [
						{"origin": [0, 0, -2], "size": [4, 12, 4], "uv": [55, 75]},
						{"origin": [-0.25, 6, -2.5], "size": [5, 6, 5], "uv": [41, 91]},
						{"origin": [-0.25, 7, -2.6], "size": [5.3, 4, 6], "uv": [18, 77]}
					]
				}
			]
		}
	]
}