{
	"format_version": "1.12.0",
	"minecraft:geometry": [
		{
			"description": {
				"identifier": "geometry.unknown",
				"texture_width": 64,
				"texture_height": 64,
				"visible_bounds_width": 2,
				"visible_bounds_height": 2.5,
				"visible_bounds_offset": [0, 0.75, 0]
			},
			"bones": [
				{
					"name": "bb_main",
					"pivot": [0, 0, 0],
					"cubes": [
						{"origin": [-5, 0.01, -5], "size": [10, 0, 10], "uv": [0, 0]}
					]
				},
				{
					"name": "body",
					"pivot": [0, 7, 0],
					"cubes": [
						{"origin": [-2, 0, -2], "size": [4, 7, 4], "uv": [0, 10]},
						{"origin": [-4, 8, 0], "size": [8, 8, 0], "pivot": [0, 7, 0], "rotation": [0, 45, 0], "uv": [16, 10]},
						{"origin": [-1.5, 7, -1.5], "size": [3, 1, 3], "uv": [0, 21]},
						{"origin": [-4, 8, 0], "size": [8, 8, 0], "pivot": [0, 7, 0], "rotation": [0, -45, 0], "uv": [16, 10]}
					]
				}
			]
		}
	]
}