{
	"format_version": "1.12.0",
	"minecraft:geometry": [
		{
			"description": {
				"identifier": "geometry.vinemaiden",
				"texture_width": 128,
				"texture_height": 128,
				"visible_bounds_width": 3,
				"visible_bounds_height": 8,
				"visible_bounds_offset": [0, 1, 0]
			},
			"bones": [
				{
					"name": "Head",
					"pivot": [0, 26.75, 0]
				},
				{
					"name": "Skull",
					"parent": "Head",
					"pivot": [0, 26.75, 0],
					"cubes": [
						{"origin": [-4, 20.75, -4], "size": [8, 14, 8], "inflate": 0.5, "uv": [32, 0]},
						{"origin": [-4, 26.75, -4], "size": [8, 8, 8], "uv": [0, 0]}
					]
				},
				{
					"name": "flowers",
					"parent": "Skull",
					"pivot": [0, 35.25, 0],
					"rotation": [0, -45, 0]
				},
				{
					"name": "flower1",
					"parent": "flowers",
					"pivot": [0, 35.25, 0],
					"cubes": [
						{"origin": [-8, 35.25, 0], "size": [16, 16, 0], "uv": [94, 0]}
					]
				},
				{
					"name": "flower2",
					"parent": "flowers",
					"pivot": [0, 35.25, 0],
					"cubes": [
						{"origin": [-8, 35.25, 0], "size": [16, 16, 0], "pivot": [0, 35.25, 0], "rotation": [0, 90, 0], "uv": [94, 0]}
					]
				},
				{
					"name": "Neck",
					"parent": "Head",
					"pivot": [0, 26.75, 0],
					"cubes": [
						{"origin": [-1.5, 24.75, -1.5], "size": [3, 3, 3], "uv": [0, 61]}
					]
				},
				{
					"name": "Body",
					"pivot": [0, 25, -5]
				},
				{
					"name": "UpperTorso",
					"parent": "Body",
					"pivot": [0, 2, 0],
					"cubes": [
						{"origin": [-4, 17, -2], "size": [8, 9, 4], "uv": [28, 22]},
						{"origin": [-4, 21, -3.8], "size": [4, 4, 2], "pivot": [-2, 23, -1.8], "rotation": [5, 0, 0], "uv": [0, 113]},
						{"origin": [0, 21, -3.8], "size": [4, 4, 2], "pivot": [2, 23, -1.8], "rotation": [5, 0, 0], "uv": [0, 113], "mirror": true}
					]
				},
				{
					"name": "WGChestLeft",
					"parent": "UpperTorso",
					"pivot": [-1.9, 23, -1.8],
					"cubes": [
						{"origin": [-3.9, 21, -5.8], "size": [4, 4, 4], "pivot": [-1.9, 23, -1.8], "rotation": [-7.7614, 14.8687, -2.00307], "uv": [0, 120]}
					]
				},
				{
					"name": "WGChestRight",
					"parent": "UpperTorso",
					"pivot": [1.9, 23, -1.8],
					"cubes": [
						{"origin": [-0.1, 21, -5.8], "size": [4, 4, 4], "pivot": [1.9, 23, -1.8], "rotation": [-7.7614, -14.8687, 2.00307], "uv": [0, 120], "mirror": true}
					]
				},
				{
					"name": "Stomach",
					"parent": "Body",
					"pivot": [0, 20, 0]
				},
				{
					"name": "RegularStomach",
					"parent": "Stomach",
					"pivot": [0, 19, 0]
				},
				{
					"name": "VoreStomach",
					"parent": "Stomach",
					"pivot": [0, 19.5, 0.25]
				},
				{
					"name": "UpperStomach",
					"parent": "VoreStomach",
					"pivot": [0, 20, -5.75],
					"rotation": [-7.5, 0, 0],
					"cubes": [
						{"origin": [-4.5, 17.29171, -9.6708], "size": [9, 5, 8], "uv": [0, 67]}
					]
				},
				{
					"name": "LowerStomach",
					"parent": "VoreStomach",
					"pivot": [0, 14.75, -7],
					"rotation": [5, 0, 0],
					"cubes": [
						{"origin": [-5, 11.61708, -11.5037], "size": [10, 7, 10], "uv": [0, 80]}
					]
				},
				{
					"name": "WGStomach",
					"parent": "Stomach",
					"pivot": [0, 18.5, 0.25]
				},
				{
					"name": "UpperStomach2",
					"parent": "WGStomach",
					"pivot": [0, 19, -5.75],
					"rotation": [-7.5, 0, 0],
					"cubes": [
						{"origin": [-3.5, 17.29171, -5.4208], "size": [7, 4, 4], "uv": [0, 97]}
					]
				},
				{
					"name": "LowerStomach2",
					"parent": "WGStomach",
					"pivot": [0, 13.75, -7],
					"rotation": [5, 0, 0],
					"cubes": [
						{"origin": [-4, 14.11708, -5.5037], "size": [8, 4, 4], "uv": [0, 105]}
					]
				},
				{
					"name": "WGStomach2",
					"parent": "Stomach",
					"pivot": [0, 17.5, 1.25]
				},
				{
					"name": "UpperStomach3",
					"parent": "WGStomach2",
					"pivot": [0, 18, -4.75],
					"rotation": [-7.5, 0, 0],
					"cubes": [
						{"origin": [-4.1, 16.29171, -7.2208], "size": [8.2, 5, 6], "uv": [25, 97]}
					]
				},
				{
					"name": "LowerStomach3",
					"parent": "WGStomach2",
					"pivot": [0, 12.75, -6],
					"rotation": [5, 0, 0],
					"cubes": [
						{"origin": [-4.5, 12.11708, -7.8037], "size": [9, 5, 6.3], "uv": [19, 108]}
					]
				},
				{
					"name": "Pelvis",
					"parent": "Body",
					"pivot": [0, 17, 0],
					"cubes": [
						{"origin": [-4.5, 0, -2.5], "size": [9, 17, 5], "uv": [0, 16]},
						{"origin": [-5.5, 10, -2.75], "size": [11, 6, 6], "uv": [94, 116]},
						{"origin": [-6, 10, -2.75], "size": [12, 6, 8], "uv": [88, 102]},
						{"origin": [-5.5, 6, -2.75], "size": [11, 4, 7], "uv": [92, 91]},
						{"origin": [-5, 5, -2.75], "size": [10, 1, 6], "uv": [96, 84]},
						{"origin": [-4.9, 4.25, -3], "size": [9.8, 13, 6], "uv": [64, 0]},
						{"origin": [-5.9, 3.25, -3.25], "size": [11.8, 13, 7], "uv": [61, 33]},
						{"origin": [-6.4, 3.25, -3.25], "size": [12.8, 13, 9], "uv": [61, 53]}
					]
				},
				{
					"name": "rootSystem",
					"parent": "Pelvis",
					"pivot": [0, 0.1, 0],
					"cubes": [
						{"origin": [-8.5, 0.03, -5.5], "size": [17, 0, 11], "uv": [41, 22]}
					]
				},
				{
					"name": "root1",
					"parent": "Pelvis",
					"pivot": [-4.5, 2, -2.5],
					"cubes": [
						{"origin": [-11.35219, 0, -2.49509], "size": [8, 4, 0], "pivot": [-4.5, 2, -2.5], "rotation": [0, -29, 0], "uv": [0, 39]}
					]
				},
				{
					"name": "root2",
					"parent": "Pelvis",
					"pivot": [0, 2, -2.5],
					"cubes": [
						{"origin": [-0.5, 0, -2.5], "size": [8, 4, 0], "pivot": [0, 2, -2.5], "rotation": [0, 90, 0], "uv": [12, 43]}
					]
				},
				{
					"name": "root3",
					"parent": "Pelvis",
					"pivot": [4.46285, 2, -2.43939],
					"cubes": [
						{"origin": [3.37737, 0, -2.51386], "size": [8, 4, 0], "pivot": [4.46285, 2, -2.43939], "rotation": [0, 29.5, 0], "uv": [44, 35]}
					]
				},
				{
					"name": "root4",
					"parent": "Pelvis",
					"pivot": [4.5, 2, 2.5],
					"cubes": [
						{"origin": [4, 0, 0], "size": [8, 4, 0], "pivot": [0, 2, 0], "rotation": [0, -29, 0], "uv": [0, 39], "mirror": true}
					]
				},
				{
					"name": "root5",
					"parent": "Pelvis",
					"pivot": [0, 2, 2.5],
					"cubes": [
						{"origin": [-0.5, 0, 2.5], "size": [8, 4, 0], "pivot": [0, 2, 2.5], "rotation": [0, -90, 0], "uv": [12, 43]}
					]
				},
				{
					"name": "root6",
					"parent": "Pelvis",
					"pivot": [-4.46285, 2, 2.43939],
					"cubes": [
						{"origin": [-11.37737, 0, 2.51386], "size": [8, 4, 0], "pivot": [-4.46285, 2, 2.43939], "rotation": [0, 29.5, 0], "uv": [44, 35], "mirror": true}
					]
				},
				{
					"name": "Butt",
					"parent": "Body",
					"pivot": [0, 25, -5]
				},
				{
					"name": "RightCheek",
					"parent": "Butt",
					"pivot": [-3, 15, 2.5]
				},
				{
					"name": "LeftCheek",
					"parent": "Butt",
					"pivot": [1, 15, 2.5]
				},
				{
					"name": "RightArm",
					"pivot": [-5, 24, 0],
					"rotation": [0, 0, 5],
					"cubes": [
						{"origin": [-7, 16, -2], "size": [3, 10, 4], "uv": [0, 47]}
					]
				},
				{
					"name": "LeftArm",
					"pivot": [5, 24, 0],
					"rotation": [0, 0, -5],
					"cubes": [
						{"origin": [4, 16, -2], "size": [3, 10, 4], "uv": [14, 47]}
					]
				},
				{
					"name": "Flower",
					"pivot": [0, 0, 0]
				},
				{
					"name": "flowers2",
					"parent": "Flower",
					"pivot": [0, 0.25, 0],
					"rotation": [0, -45, 0]
				},
				{
					"name": "flower3",
					"parent": "flowers2",
					"pivot": [0, 0.25, 0],
					"cubes": [
						{"origin": [-8, 0.25, 0], "size": [16, 16, 0], "uv": [94, 16]}
					]
				},
				{
					"name": "flower4",
					"parent": "flowers2",
					"pivot": [0, 0.25, 0],
					"cubes": [
						{"origin": [-8, 0.25, 0], "size": [16, 16, 0], "pivot": [0, 0.25, 0], "rotation": [0, 90, 0], "uv": [94, 16]}
					]
				}
			]
		}
	]
}