{
	"format_version": "1.12.0",
	"minecraft:geometry": [
		{
			"description": {
				"identifier": "geometry.zombie",
				"texture_width": 128,
				"texture_height": 128,
				"visible_bounds_width": 3,
				"visible_bounds_height": 4.5,
				"visible_bounds_offset": [0, 1.75, 0]
			},
			"bones": [
				{
					"name": "Body",
					"pivot": [0, 14, 0]
				},
				{
					"name": "Spine_0",
					"parent": "Body",
					"pivot": [0, 17, 0],
					"cubes": [
						{"origin": [-3.5, 16, -1.975], "size": [7, 2.225, 3.975], "uv": [90, 31]},
						{"origin": [-0.5, 16.1, -2.075], "size": [1, 1, 1], "uv": [0, 102]}
					]
				},
				{
					"name": "Spine_1",
					"parent": "Spine_0",
					"pivot": [0, 18, 0],
					"cubes": [
						{"origin": [-4, 18, -2], "size": [8, 6, 4.025], "uv": [55, 69]},
						{"origin": [-0.5, 18, -2.075], "size": [1, 1, 1], "uv": [0, 104]},
						{"origin": [-3.75, 20, -2.3], "size": [1, 1, 1.025], "inflate": -0.25, "uv": [0, 106]},
						{"origin": [-2.25, 20, -2.3], "size": [1, 1, 1.025], "inflate": -0.25, "uv": [0, 104]},
						{"origin": [1.25, 20, -2.3], "size": [1, 1, 1.025], "inflate": -0.25, "uv": [0, 104], "mirror": true},
						{"origin": [2.75, 20, -2.3], "size": [1, 1, 1.025], "inflate": -0.25, "uv": [0, 106], "mirror": true}
					]
				},
				{
					"name": "Neck",
					"parent": "Spine_1",
					"pivot": [0, 23.725, 0],
					"cubes": [
						{"origin": [-1.5, 22.75, -1.5], "size": [3, 3, 3], "uv": [0, 0]}
					]
				},
				{
					"name": "NeckSwallow",
					"parent": "Neck",
					"pivot": [0, 24.75, 0],
					"cubes": [
						{"origin": [-1.5, 22.75, -1.5], "size": [3, 3, 3], "uv": [0, 0]}
					]
				},
				{
					"name": "Head",
					"parent": "Neck",
					"pivot": [0, 24.75, 0]
				},
				{
					"name": "Skull",
					"parent": "Head",
					"pivot": [0, 24.75, 0],
					"cubes": [
						{"origin": [-4, 24.75, -4], "size": [8, 8, 8], "uv": [30, 49]},
						{"origin": [-4, 24.75, -4], "size": [8, 8, 8], "inflate": 0.25, "uv": [0, 112]}
					]
				},
				{
					"name": "Hair",
					"parent": "Skull",
					"pivot": [0, 33.775, 0],
					"cubes": [
						{"origin": [-4, 25.225, -4], "size": [8, 8.025, 8], "inflate": 0.5, "uv": [44, 15]}
					]
				},
				{
					"name": "Breasts",
					"parent": "Spine_1",
					"pivot": [0, 23.5, -2]
				},
				{
					"name": "Male_Chest_1",
					"parent": "Breasts",
					"pivot": [0, 23.5, -2],
					"cubes": [
						{"origin": [-4, 19.5, -2], "size": [8, 4, 4], "inflate": -0.1, "pivot": [0, 23.5, -2], "rotation": [-12.5, 0, 0], "uv": [77, 37]},
						{"origin": [-3.7, 19.6, -2.2], "size": [1, 1, 1], "inflate": -0.25, "pivot": [0, 23.5, -2], "rotation": [-12.5, 0, 0], "uv": [4, 106]},
						{"origin": [-2.2, 19.6, -2.2], "size": [1, 1, 1], "inflate": -0.25, "pivot": [0, 23.5, -2], "rotation": [-12.5, 0, 0], "uv": [4, 104]},
						{"origin": [1.2, 19.6, -2.2], "size": [1, 1, 1], "inflate": -0.25, "pivot": [0, 23.5, -2], "rotation": [-12.5, 0, 0], "uv": [4, 104], "mirror": true},
						{"origin": [2.7, 19.6, -2.2], "size": [1, 1, 1], "inflate": -0.25, "pivot": [0, 23.5, -2], "rotation": [-12.5, 0, 0], "uv": [4, 106], "mirror": true}
					]
				},
				{
					"name": "Male_Chest_2",
					"parent": "Breasts",
					"pivot": [0, 23.3, -2],
					"cubes": [
						{"origin": [-4, 19.3, -2], "size": [8, 4, 4], "inflate": -0.1, "pivot": [0, 23.3, -2], "rotation": [-22.5, 0, 0], "uv": [76, 22]},
						{"origin": [-3.7, 19.4, -2.2], "size": [1, 1, 1], "inflate": -0.25, "pivot": [0, 23.3, -2], "rotation": [-22.5, 0, 0], "uv": [8, 106]},
						{"origin": [-2.2, 19.4, -2.2], "size": [1, 1, 1], "inflate": -0.25, "pivot": [0, 23.3, -2], "rotation": [-22.5, 0, 0], "uv": [8, 104]},
						{"origin": [1.2, 19.4, -2.2], "size": [1, 1, 1], "inflate": -0.25, "pivot": [0, 23.3, -2], "rotation": [-22.5, 0, 0], "uv": [8, 104], "mirror": true},
						{"origin": [2.7, 19.4, -2.2], "size": [1, 1, 1], "inflate": -0.25, "pivot": [0, 23.3, -2], "rotation": [-22.5, 0, 0], "uv": [8, 106], "mirror": true}
					]
				},
				{
					"name": "Breasts_1",
					"parent": "Breasts",
					"pivot": [0, 23.5, -2],
					"cubes": [
						{"origin": [-4, 19.5, -2], "size": [8, 4, 4], "inflate": -0.1, "pivot": [0, 23.5, -2], "rotation": [-32.5, 0, 0], "uv": [50, 80]}
					]
				},
				{
					"name": "Breasts_2",
					"parent": "Breasts",
					"pivot": [0, 23.5, -2],
					"cubes": [
						{"origin": [-4, 19.5, -2], "size": [8, 4, 4], "inflate": -0.1, "pivot": [0, 23.5, -2], "rotation": [-50, 0, 0], "uv": [76, 45]}
					]
				},
				{
					"name": "Breasts_3",
					"parent": "Breasts",
					"pivot": [0, 23.5, -2],
					"cubes": [
						{"origin": [-4.5, 19.25, -5.9], "size": [9, 4, 4], "inflate": -0.1, "pivot": [-0.5, 20.25, -1.9], "rotation": [-7.5, 0, 0], "uv": [54, 49]}
					]
				},
				{
					"name": "RightArm",
					"parent": "Spine_1",
					"pivot": [-4, 24, 0],
					"cubes": [
						{"origin": [-7, 12, -2], "size": [3, 12, 4], "uv": [50, 88], "mirror": true}
					]
				},
				{
					"name": "LeftArm",
					"parent": "Spine_1",
					"pivot": [4, 24, 0],
					"cubes": [
						{"origin": [4, 12, -2], "size": [3, 12, 4], "uv": [50, 88]}
					]
				},
				{
					"name": "Stomach",
					"parent": "Spine_0",
					"pivot": [0, 15, -2]
				},
				{
					"name": "RegularStomach",
					"parent": "Stomach",
					"pivot": [0, 17, 0]
				},
				{
					"name": "VoreStomachLarger",
					"parent": "Stomach",
					"pivot": [0, 15.5, -1.75]
				},
				{
					"name": "UpperStomach5",
					"parent": "VoreStomachLarger",
					"pivot": [0, 18, -1.75],
					"rotation": [-7.5, 0, 0],
					"cubes": [
						{"origin": [-5, 13.76961, -10.63658], "size": [10, 6, 9], "uv": [0, 42]},
						{"origin": [-0.5, 15.76961, -10.7466], "size": [1, 1, 1], "uv": [4, 100]}
					]
				},
				{
					"name": "LowerStomach5",
					"parent": "VoreStomachLarger",
					"pivot": [0, 12.75, -2],
					"rotation": [5, 0, 0],
					"cubes": [
						{"origin": [-5.6, 8.05286, -12.48467], "size": [11.2, 8, 11], "uv": [0, 23]},
						{"origin": [-0.5, 15.15286, -12.60967], "size": [1, 1, 1], "uv": [4, 102]}
					]
				},
				{
					"name": "VoreStomachMultiprey",
					"parent": "Stomach",
					"pivot": [0, 17.5, 0.25]
				},
				{
					"name": "UpperStomach6",
					"parent": "VoreStomachMultiprey",
					"pivot": [0, 18, -5.75],
					"rotation": [-7.5, 0, 0],
					"cubes": [
						{"origin": [-5.5, 13.29171, -12.6708], "size": [11, 7, 11], "uv": [33, 31]}
					]
				},
				{
					"name": "LowerStomach6",
					"parent": "VoreStomachMultiprey",
					"pivot": [0, 12.75, -7],
					"rotation": [5, 0, 0],
					"cubes": [
						{"origin": [-6.6, 4.86708, -14.5037], "size": [13.2, 10, 13], "uv": [0, 0]}
					]
				},
				{
					"name": "VoreStomachWG",
					"parent": "Stomach",
					"pivot": [0, 17.5, 0.25]
				},
				{
					"name": "UpperStomach4",
					"parent": "VoreStomachWG",
					"pivot": [0, 18, -5.75],
					"rotation": [-7.5, 0, 0],
					"cubes": [
						{"origin": [-4.5, 15.29171, -9.6708], "size": [9, 5, 8], "uv": [94, 98]}
					]
				},
				{
					"name": "LowerStomach4",
					"parent": "VoreStomachWG",
					"pivot": [0, 12.75, -7],
					"rotation": [5, 0, 0],
					"cubes": [
						{"origin": [-5, 9.61708, -11.5037], "size": [10, 7, 10], "uv": [88, 111]}
					]
				},
				{
					"name": "WGStomach",
					"parent": "Stomach",
					"pivot": [0, 15.5, -1.75]
				},
				{
					"name": "UpperStomach2",
					"parent": "WGStomach",
					"pivot": [0, 17, -2.75],
					"rotation": [-7.5, 0, 0],
					"cubes": [
						{"origin": [-3.5, 14.90013, -5.39513], "size": [7, 4, 4], "uv": [88, 6]},
						{"origin": [-0.5, 16.90013, -5.49513], "size": [1, 1, 1], "uv": [8, 100]}
					]
				},
				{
					"name": "LowerStomach2",
					"parent": "WGStomach",
					"pivot": [0, 15.07815, -1.94122],
					"rotation": [5, 0, 0],
					"cubes": [
						{"origin": [-4, 12.25627, -6.02076], "size": [8, 4, 4], "uv": [82, 53]},
						{"origin": [-0.5, 15.35627, -6.12076], "size": [1, 1, 1], "uv": [8, 102]}
					]
				},
				{
					"name": "WGStomach2",
					"parent": "Stomach",
					"pivot": [0, 16, -1.75]
				},
				{
					"name": "UpperStomach3",
					"parent": "WGStomach2",
					"pivot": [0, 16.5, -5.75],
					"rotation": [-7.5, 0, 0],
					"cubes": [
						{"origin": [-4, 14.79171, -8.2208], "size": [8, 5, 7], "uv": [25, 65]},
						{"origin": [-0.5, 16.79171, -8.3208], "size": [1, 1, 1], "uv": [12, 100]}
					]
				},
				{
					"name": "LowerStomach3",
					"parent": "WGStomach2",
					"pivot": [-0.5, 11.25, -7],
					"rotation": [5, 0, 0],
					"cubes": [
						{"origin": [-4.5, 10.61708, -9.0537], "size": [9, 5, 7.3], "uv": [0, 58]},
						{"origin": [-0.5, 14.71708, -9.1537], "size": [1, 1, 1], "uv": [12, 102]}
					]
				},
				{
					"name": "Pelvis",
					"parent": "Body",
					"pivot": [0, 0, 0]
				},
				{
					"name": "Hips",
					"parent": "Pelvis",
					"pivot": [0, 13.775, 0.25]
				},
				{
					"name": "Hips_Base",
					"parent": "Hips",
					"pivot": [0, 14.5, 0],
					"cubes": [
						{"origin": [-4, 13, -2], "size": [8, 3, 4], "uv": [84, 65]}
					]
				},
				{
					"name": "Ass1",
					"parent": "Hips",
					"pivot": [0, 13.05, 0.4],
					"cubes": [
						{"origin": [-5.1, 11, -2.6], "size": [10.2, 4.1, 6], "uv": [56, 59]}
					]
				},
				{
					"name": "wg_Belly_Fold_1",
					"parent": "Hips",
					"pivot": [0, 15.5, 0.25],
					"cubes": [
						{"origin": [-4, 15, -2.25], "size": [8, 1, 5], "uv": [70, 0]}
					]
				},
				{
					"name": "ass2",
					"parent": "Hips",
					"pivot": [0, 12.55, 0.8],
					"cubes": [
						{"origin": [-5.5, 10, -2.7], "size": [11, 5.1, 7], "uv": [39, 0]}
					]
				},
				{
					"name": "wg_belly_fold_2",
					"parent": "ass2",
					"pivot": [0, 15, -0.25],
					"cubes": [
						{"origin": [-4.5, 15, -2.25], "size": [9, 1, 5], "uv": [66, 31]}
					]
				},
				{
					"name": "Butt",
					"parent": "Body",
					"pivot": [0, 23, -5]
				},
				{
					"name": "RightCheek",
					"parent": "Butt",
					"pivot": [-3, 13, 2.5]
				},
				{
					"name": "LeftCheek",
					"parent": "Butt",
					"pivot": [1, 13, 2.5]
				},
				{
					"name": "RightLeg",
					"pivot": [-1.9, 12, 0],
					"cubes": [
						{"origin": [-4, 0, -2], "size": [4, 12, 4], "uv": [18, 77], "mirror": true},
						{"origin": [-4, 12, -2], "size": [4, 1, 4], "uv": [0, 81]}
					]
				},
				{
					"name": "R_WG1",
					"parent": "RightLeg",
					"pivot": [-2.25, 9, 0],
					"cubes": [
						{"origin": [-4.75, 6, -2.5], "size": [5, 6, 5], "uv": [0, 88], "mirror": true}
					]
				},
				{
					"name": "R_WG2",
					"parent": "RightLeg",
					"pivot": [-2.4, 9.5, 0.4],
					"cubes": [
						{"origin": [-5.05, 7, -2.6], "size": [5.3, 5, 6], "uv": [0, 70], "mirror": true}
					]
				},
				{
					"name": "LeftLeg",
					"pivot": [1.9, 12, 0],
					"cubes": [
						{"origin": [0, 0, -2], "size": [4, 12, 4], "uv": [18, 77]},
						{"origin": [0, 12, -2], "size": [4, 1, 4], "uv": [91, 0]}
					]
				},
				{
					"name": "L_WG1",
					"parent": "LeftLeg",
					"pivot": [2.25, 9, 0],
					"cubes": [
						{"origin": [-0.25, 6, -2.5], "size": [5, 6, 5], "uv": [0, 88]}
					]
				},
				{
					"name": "L_WG2",
					"parent": "LeftLeg",
					"pivot": [2.4, 9.5, 0.4],
					"cubes": [
						{"origin": [-0.25, 7, -2.6], "size": [5.3, 5, 6], "uv": [0, 70]}
					]
				}
			]
		}
	]
}