{
  "credit": "Made with Blockbench",
  "parent": "builtin/entity",
  "texture_size": [
    32,
    32
  ],
  "display": {
    "thirdperson_righthand": {
      "translation": [
        0,
        -6,
        0
      ]
    },
    "thirdperson_lefthand": {
      "translation": [
        0,
        -6,
        0
      ]
    },
    "firstperson_righthand": {
      "rotation": [
        7,
        -29,
        0
      ],
      "translation": [
        0,
        -2.75,
        -0.75
      ]
    },
    "firstperson_lefthand": {
      "rotation": [
        7,
        -29,
        0
      ],
      "translation": [
        0,
        -2.75,
        -0.75
      ]
    },
    "ground": {
      "rotation": [
        45,
        45,
        0
      ],
      "translation": [
        0,
        4,
        0
      ],
      "scale": [
        0.45,
        0.45,
        0.45
      ]
    },
    "gui": {
      "rotation": [
        0,
        180,
        45
      ],
      "translation": [
        -1,
        -1,
        0
      ],
      "scale": [
        0.6,
        0.6,
        0.6
      ]
    },
    "fixed": {
      "rotation": [
        0,
        0,
        45
      ],
      "translation": [
        1,
        -1,
        0
      ],
      "scale": [
        0.75,
        0.75,
        0.75
      ]
    }
  },
  "textures": {
    "particle": "item/rabbit_staff0"
  }
}