{
  "display": {
    "icon": {
      "item": "pcraftrevorn:fermented_glowberry_juice_bottle"
    },
    "title": {
      "translate": "advancements.intoxicating_fumes.title"
    },
    "description": {
      "translate": "advancements.intoxicating_fumes.descr"
    },
    "frame": "task",
    "show_toast": true,
    "announce_to_chat": false,
    "hidden": false
  },
  "criteria": {
    "intoxicating_fumes_0": {
      "trigger": "minecraft:inventory_changed",
      "conditions": {
        "items": [
          {
            "items": [
              "pcraftrevorn:fermented_glowberry_juice_bottle"
            ],
            "count": {
              "min": 1,
              "max": 64
            }
          }
        ]
      }
    }
  },
  "parent": "pcraftrevorn:p_craft_revorn"
}